date,symbol,setup,entry_date,days_held,shares,entry,last,stop,trail_ma,unreal_$,R,score,perf3m,rs,adr
2026-10-05,VEON,breakout,2026-09-30,2,1319,75.08,75.64,67.93,69.85,738.64,0.08,,,,
2026-10-05,RVTY,breakout,2026-09-30,2,581,156.3,151.53,140.08,140.95,-2771.37,-0.29,,,,
2026-10-05,PBF,breakout,2026-09-30,2,928,78.56,80.78,68.4,75.4,2060.16,0.22,,,,
2026-10-05,AMPL,adopted,2026-09-30,2,5444,,14.52,,13.37,,,,,,
2026-10-05,CRSR,breakout,2026-10-02,0,7932,14.27,13.79,13.06,13.29,-3807.36,-0.4,,,,
2026-10-05,JILL,breakout,2026-10-02,0,4349,25.04,24.84,22.86,23.57,-869.8,-0.09,,,,
2026-10-05,HTFL,breakout,2026-10-05,0,214,51.5,49.32,46.78,48.93,-466.52,-0.47,,,,
2026-10-05,CVI,breakout,2026-10-05,0,152,56.33,54.83,49.76,50.98,-228.0,-0.23,,,,
2026-10-05,FET,breakout,2026-10-05,0,141,85.41,83.14,78.31,81.69,-320.07,-0.32,,,,
2026-10-05,FRNM,breakout,2026-10-05,0,625,16.97,16.32,15.28,15.78,-406.25,-0.41,,,,
2026-10-05,MTW,breakout,2026-10-05,0,409,23.62,23.22,21.14,21.67,-163.6,-0.16,,,,
2026-10-06,VEON,breakout,2026-09-30,4,1319,75.08,76.84,67.93,71.08,2321.44,0.25,,,,
2026-10-06,RVTY,breakout,2026-09-30,4,581,156.3,153.15,140.08,143.61,-1827.25,-0.19,,,,
2026-10-06,PBF,breakout,2026-09-30,4,928,78.56,83.31,68.4,76.22,4403.36,0.47,,,,
2026-10-06,AMPL,adopted,2026-09-30,4,5444,,14.77,,13.58,,,,,,
2026-10-06,CRSR,breakout,2026-10-02,2,7932,14.27,13.64,13.06,13.4,-4998.75,-0.53,,,,
2026-10-06,JILL,breakout,2026-10-02,2,4349,25.04,24.44,22.86,24.03,-2609.4,-0.28,,,,
2026-10-06,HTFL,breakout,2026-10-05,1,214,51.5,51.28,46.78,49.27,-46.35,-0.05,,,,
2026-10-06,CVI,breakout,2026-10-05,1,152,56.33,58.27,49.76,52.21,294.88,0.3,,,,
2026-10-06,FET,breakout,2026-10-05,1,141,85.41,85.06,78.31,82.3,-49.35,-0.05,,,,
2026-10-06,FRNM,breakout,2026-10-05,1,625,16.97,16.26,15.28,15.82,-440.63,-0.44,,,,
2026-10-06,MTW,breakout,2026-10-05,1,409,23.62,23.32,21.14,21.89,-122.7,-0.12,,,,
2026-10-06,APOG,ep,2026-10-06,0,274,42.8,39.84,39.14,39.46,-811.09,-0.81,31.8,19.9,0,3.04
2026-10-06,VEON,breakout,2026-09-30,4,1319,75.08,76.41,67.93,71.06,1754.27,0.19,,,,
2026-10-06,RVTY,breakout,2026-09-30,4,581,156.3,153.3,140.08,143.62,-1743.0,-0.18,,,,
2026-10-06,PBF,breakout,2026-09-30,4,928,78.56,82.88,68.4,76.2,4008.96,0.43,,,,
2026-10-06,AMPL,adopted,2026-09-30,4,5444,,14.79,,13.58,,,,,,
2026-10-06,CRSR,breakout,2026-10-02,2,7932,14.27,13.64,13.06,13.4,-4997.16,-0.53,,,,
2026-10-06,JILL,breakout,2026-10-02,2,4349,25.04,24.76,22.86,24.05,-1217.72,-0.13,,,,
2026-10-06,HTFL,breakout,2026-10-05,1,214,51.5,50.69,46.78,49.24,-173.34,-0.17,,,,
2026-10-06,CVI,breakout,2026-10-05,1,152,56.33,57.42,49.76,52.17,165.68,0.17,,,,
2026-10-06,FET,breakout,2026-10-05,1,141,85.41,84.43,78.31,82.27,-138.18,-0.14,,,,
2026-10-06,FRNM,breakout,2026-10-05,1,625,16.97,16.36,15.28,15.82,-381.25,-0.38,,,,
2026-10-06,MTW,breakout,2026-10-05,1,409,23.62,23.38,21.14,21.89,-98.16,-0.1,,,,
2026-10-06,APOG,ep,2026-10-06,0,274,42.8,40.0,39.14,39.46,-767.2,-0.77,31.8,19.9,0,3.04
2026-10-06,VEON,breakout,2026-09-30,4,1319,75.08,76.41,67.93,71.06,1754.27,0.19,,,,
2026-10-06,RVTY,breakout,2026-09-30,4,581,156.3,153.3,140.08,143.62,-1743.0,-0.18,,,,
2026-10-06,PBF,breakout,2026-09-30,4,928,78.56,82.88,68.4,76.2,4008.96,0.43,,,,
2026-10-06,AMPL,adopted,2026-09-30,4,5444,,14.79,,13.58,,,,,,
2026-10-06,CRSR,breakout,2026-10-02,2,7932,14.27,13.64,13.06,13.4,-4997.16,-0.53,,,,
2026-10-06,JILL,breakout,2026-10-02,2,4349,25.04,24.76,22.86,24.05,-1217.72,-0.13,,,,
2026-10-06,HTFL,breakout,2026-10-05,1,214,51.5,50.69,46.78,49.24,-173.34,-0.17,,,,
2026-10-06,CVI,breakout,2026-10-05,1,152,56.33,57.42,49.76,52.17,165.68,0.17,,,,
2026-10-06,FET,breakout,2026-10-05,1,141,85.41,84.43,78.31,82.27,-138.18,-0.14,,,,
2026-10-06,FRNM,breakout,2026-10-05,1,625,16.97,16.36,15.28,15.82,-381.25,-0.38,,,,
2026-10-06,MTW,breakout,2026-10-05,1,409,23.62,23.38,21.14,21.89,-98.16,-0.1,,,,
2026-10-06,APOG,ep,2026-10-06,0,274,42.8,40.0,39.14,39.46,-767.2,-0.77,31.8,19.9,0,3.04
2026-10-07,VEON,breakout,2026-09-30,5,1319,75.08,77.36,67.93,71.68,3007.32,0.32,,,,
2026-10-07,RVTY,breakout,2026-09-30,5,581,156.3,153.77,140.08,145.12,-1469.93,-0.16,,,,
2026-10-07,PBF,breakout,2026-09-30,5,928,78.56,83.55,68.4,76.55,4630.72,0.49,,,,
2026-10-07,AMPL,adopted,2026-09-30,5,5444,,14.81,,13.7,,,,,,
2026-10-07,CRSR,breakout,2026-10-02,3,7932,14.27,13.59,13.06,13.46,-5433.42,-0.58,,,,
2026-10-07,JILL,breakout,2026-10-02,3,4349,25.04,24.41,22.86,24.18,-2739.87,-0.29,,,,
2026-10-07,CVI,breakout,2026-10-05,2,152,56.33,57.37,49.76,52.65,158.08,0.16,,,,
2026-10-07,FRNM,breakout,2026-10-05,2,625,16.97,15.96,15.28,15.83,-631.25,-0.63,,,,
2026-10-07,MTW,breakout,2026-10-05,2,409,23.62,22.04,21.14,21.94,-646.22,-0.65,,,,
2026-10-07,RNG,breakout,,0,110,81.3,76.48,72.29,75.49,-530.2,-0.53,115.6,89.1,85.0,4.37
2026-10-07,AII,breakout,2026-10-07,0,478,26.36,26.24,24.15,25.77,-59.75,-0.06,105.9,36.2,32.1,3.46
2026-10-07,VEON,breakout,2026-09-30,5,1319,75.08,77.19,67.93,71.67,2783.09,0.3,,,,
2026-10-07,RVTY,breakout,2026-09-30,5,581,156.3,153.6,140.08,145.11,-1568.7,-0.17,,,,
2026-10-07,PBF,breakout,2026-09-30,5,464,78.56,83.68,78.56,76.56,2375.68,0.5,,,,
2026-10-07,AMPL,adopted,2026-09-30,5,5444,,14.76,,13.7,,,,,,
2026-10-07,CRSR,breakout,2026-10-02,3,7932,14.27,13.59,13.06,13.46,-5393.76,-0.57,,,,
2026-10-07,JILL,breakout,2026-10-02,3,4349,25.04,24.49,22.86,24.19,-2391.95,-0.25,,,,
2026-10-07,CVI,breakout,2026-10-05,2,152,56.33,57.38,49.76,52.65,159.6,0.16,,,,
2026-10-07,FRNM,breakout,2026-10-05,2,625,16.97,16.03,15.28,15.83,-587.5,-0.59,,,,
2026-10-07,MTW,breakout,2026-10-05,2,409,23.62,22.05,21.14,21.94,-642.13,-0.64,,,,
2026-10-07,AII,breakout,2026-10-07,0,478,26.36,26.45,24.15,25.78,43.02,0.04,105.9,36.2,32.1,3.46
2026-10-08,VEON,breakout,2026-09-30,6,1319,75.08,77.53,67.93,72.09,3224.96,0.34,,,,
2026-10-08,RVTY,breakout,2026-09-30,6,581,156.3,152.03,140.08,146.66,-2480.87,-0.26,,,,
2026-10-08,PBF,breakout,2026-09-30,6,464,78.56,88.64,78.56,77.14,4679.44,0.99,,,,
2026-10-08,AMPL,adopted,2026-09-30,6,5444,,15.22,,13.83,,,,,,
2026-10-08,JILL,breakout,2026-10-02,4,4349,25.04,24.39,22.86,24.27,-2848.59,-0.3,,,,
2026-10-08,CVI,breakout,2026-10-05,3,152,56.33,59.34,49.76,53.19,458.25,0.46,,,,
2026-10-08,AII,breakout,2026-10-07,1,478,26.36,26.78,24.15,25.85,203.15,0.2,105.9,36.2,32.1,3.46
2026-10-08,RNG,breakout,,0,119,80.68,78.44,72.29,75.96,-265.97,-0.27,120.1,86.1,82.2,4.34
2026-10-08,QMCO,pullback,,0,366,32.58,29.08,29.85,28.62,-1282.83,-1.28,159.3,222.0,218.1,9.75
2026-10-09,VEON,breakout,2026-09-30,7,1319,75.08,77.38,67.93,72.54,3033.7,0.32,,,,
2026-10-09,RVTY,breakout,2026-09-30,7,581,156.3,154.2,140.08,148.16,-1223.0,-0.13,,,,
2026-10-09,PBF,breakout,2026-09-30,7,464,78.56,84.51,78.56,77.48,2760.8,0.59,,,,
2026-10-09,AMPL,adopted,2026-09-30,7,5444,,15.76,,14.0,,,,,,
2026-10-09,JILL,breakout,2026-10-02,5,4349,25.04,24.52,22.86,24.3,-2239.74,-0.24,,,,
2026-10-09,CVI,breakout,2026-10-05,4,152,56.33,57.97,49.76,53.62,248.52,0.25,,,,
2026-10-09,AII,breakout,2026-10-07,2,478,26.36,26.78,24.15,25.9,200.76,0.2,105.9,36.2,32.1,3.46
2026-10-09,RNG,breakout,,0,119,80.68,79.2,72.29,76.47,-176.12,-0.18,124.9,87.9,82.5,4.3
2026-10-09,OMER,breakout,,0,420,20.4,19.83,18.02,18.93,-239.4,-0.24,124.4,94.5,89.0,4.3
2026-10-09,CORT,breakout,,0,90,122.93,120.97,111.94,115.75,-176.4,-0.18,106.7,38.8,33.3,4.6
2026-10-09,GTE,breakout,2026-10-09,0,763,10.73,10.6,9.4,10.22,-95.38,-0.1,104.3,57.8,52.3,4.04
2026-10-09,IOVA,pullback,2026-10-09,0,689,13.77,14.61,12.31,11.91,582.2,0.58,148.7,237.6,232.2,7.03
