symbol,start,end,bars,trades,win_rate,pf,net_ret,cagr,max_dd,avg_win,avg_loss,buyhold,end_equity
ARM,2023-09-14,2026-09-24,760,4,100.0,inf,270.6,54.4,-26.3,40.50,0.00,483.4,37058
NXPI,2021-09-21,2026-09-24,1257,7,100.0,inf,211.0,25.5,-33.3,18.07,0.00,37.7,31095
MSTR,2021-09-21,2026-09-24,1258,6,66.7,8.39,210.0,25.4,-70.7,44.32,-10.57,127.4,30999
QCOM,2021-09-21,2026-09-24,1258,6,100.0,inf,191.6,23.9,-20.9,19.97,0.00,76.1,29159
MCHP,2021-09-21,2026-09-24,1257,7,85.7,11.29,185.0,23.4,-36.6,22.84,-12.14,18.2,28501
SNPS,2021-09-21,2026-09-24,1257,7,100.0,inf,169.9,22.0,-35.2,15.43,0.00,45.5,26989
PDD,2021-09-21,2026-09-24,1257,8,75.0,3.69,147.7,19.9,-64.5,27.39,-22.25,-16.4,24766
PANW,2021-09-21,2026-09-24,1257,6,83.3,104.58,143.9,19.6,-30.1,20.33,-0.97,363.1,24391
KLAC,2021-09-21,2026-09-24,1257,4,100.0,inf,136.1,18.8,-20.0,24.30,0.00,514.7,23607
ROST,2021-09-21,2026-09-24,1257,7,100.0,inf,127.0,17.9,-19.3,12.60,0.00,134.1,22700
BKNG,2021-09-21,2026-09-24,1258,7,85.7,11.51,117.2,16.8,-29.7,15.89,-8.28,63.4,21722
ADI,2021-09-21,2026-09-24,1257,4,100.0,inf,114.1,16.5,-15.6,21.27,0.00,153.6,21411
LITE,2021-09-21,2026-09-24,1258,6,83.3,4.66,100.4,14.9,-44.0,22.56,-24.22,997.9,20043
MNST,2021-09-21,2026-09-24,1257,7,71.4,19.27,97.1,14.6,-18.8,16.12,-2.09,94.1,19706
INTC,2021-09-21,2026-09-24,1258,5,60.0,5.52,95.1,14.3,-37.7,35.64,-9.68,165.1,19512
MPWR,2021-09-21,2026-09-24,1257,4,100.0,inf,94.5,14.3,-36.6,18.29,0.00,199.6,19449
AMAT,2021-09-21,2026-09-24,1258,3,100.0,inf,90.2,13.7,-32.8,24.10,0.00,289.9,19017
MAR,2021-09-21,2026-09-24,1257,5,100.0,inf,87.3,13.4,-17.4,13.58,0.00,132.9,18733
CEG,2022-01-19,2026-09-24,1174,4,75.0,21.34,83.5,13.9,-28.6,25.27,-3.55,474.5,18351
CDNS,2021-09-21,2026-09-24,1257,6,83.3,20.57,82.0,12.8,-28.6,13.61,-3.31,114.4,18204
RKLB,2021-09-21,2026-09-24,1258,6,66.7,3.27,80.5,12.6,-65.0,31.63,-19.34,445.3,18054
AMZN,2021-09-21,2026-09-24,1258,5,80.0,11.44,79.3,12.4,-39.6,17.87,-6.25,53.6,17931
BKR,2021-09-21,2026-09-24,1257,5,80.0,17.29,72.9,11.6,-32.4,16.39,-3.79,149.5,17295
CRWD,2021-09-21,2026-09-24,1257,5,80.0,3.70,71.3,11.4,-60.5,25.62,-27.71,311.0,17131
AMGN,2021-09-21,2026-09-24,1257,6,100.0,inf,68.1,11.0,-14.8,9.26,0.00,135.0,16814
TER,2021-09-21,2026-09-24,1257,5,80.0,5.94,67.8,10.9,-42.9,17.56,-11.83,268.1,16780
GEHC,2022-12-15,2026-09-24,945,5,80.0,9.84,65.5,14.4,-20.3,15.73,-6.40,14.9,16548
CRWV,2025-03-28,2026-09-24,375,2,100.0,inf,65.3,40.2,-36.5,28.61,0.00,154.5,16529
ABNB,2021-09-21,2026-09-24,1257,6,83.3,3.97,65.2,10.6,-55.8,17.01,-21.43,-12.4,16523
TSLA,2021-09-21,2026-09-24,1258,6,83.3,3.93,65.2,10.6,-52.7,16.12,-20.49,40.7,16520
CCEP,2021-09-21,2026-09-24,1257,5,100.0,inf,61.5,10.1,-22.9,10.18,0.00,120.9,16149
SNDK,2025-02-13,2026-09-24,405,1,100.0,inf,60.8,34.4,-19.0,60.78,0.00,3338.5,16078
TXN,2021-09-21,2026-09-24,1257,4,75.0,470.30,59.8,9.9,-24.9,17.51,-0.11,65.4,15982
AVGO,2021-09-21,2026-09-24,1258,2,100.0,inf,58.2,9.6,-32.3,27.70,0.00,688.7,15818
WMT,2021-09-21,2026-09-24,1258,4,75.0,8.95,53.7,9.0,-15.0,17.89,-6.00,146.5,15369
LIN,2021-09-21,2026-09-24,1257,6,100.0,inf,53.5,9.0,-21.0,7.54,0.00,69.3,15351
HON,2021-09-21,2026-09-24,1257,6,83.3,6.69,51.8,8.7,-21.9,10.66,-7.97,10.8,15176
TMUS,2021-09-21,2026-09-24,1257,6,66.7,3.65,50.5,8.5,-19.9,16.01,-8.79,49.6,15049
FANG,2021-09-21,2026-09-24,1257,3,66.7,10.16,50.0,8.5,-39.5,26.44,-5.20,112.3,14996
ORLY,2021-09-21,2026-09-24,1257,5,80.0,14.59,49.5,8.4,-16.8,11.63,-3.19,112.4,14952
FAST,2021-09-21,2026-09-24,1257,5,100.0,inf,49.3,8.4,-13.3,8.54,0.00,112.6,14931
MSFT,2021-09-21,2026-09-24,1258,5,60.0,3.40,47.6,8.1,-31.8,21.93,-9.68,77.1,14761
KDP,2021-09-21,2026-09-24,1257,7,71.4,10.00,47.1,8.0,-19.3,9.11,-2.28,-0.4,14711
LRCX,2021-09-21,2026-09-24,1258,2,100.0,inf,46.2,7.9,-33.4,21.01,0.00,491.0,14619
WBD,2021-09-21,2026-09-24,1257,4,50.0,3.05,46.1,7.9,-40.9,40.36,-13.24,25.5,14605
PCAR,2021-09-21,2026-09-24,1257,5,60.0,4.71,45.8,7.9,-19.2,18.23,-5.81,138.6,14582
WDC,2021-09-21,2026-09-24,1258,5,60.0,4.08,44.9,7.7,-45.0,19.31,-7.11,1004.6,14492
FTNT,2021-09-21,2026-09-24,1257,3,100.0,inf,42.8,7.4,-33.9,12.67,0.00,191.4,14280
ALNY,2021-09-21,2026-09-24,1257,5,80.0,2.59,42.4,7.3,-44.5,20.11,-31.11,22.7,14241
CTAS,2021-09-21,2026-09-24,1257,3,100.0,inf,40.7,7.1,-20.0,12.42,0.00,105.1,14072
AAPL,2021-09-21,2026-09-24,1258,5,100.0,inf,38.2,6.7,-30.2,6.72,0.00,143.4,13823
CSCO,2021-09-21,2026-09-24,1258,5,80.0,4.37,36.6,6.4,-26.6,11.26,-10.30,125.1,13660
ADP,2021-09-21,2026-09-24,1257,4,75.0,7.90,33.3,5.9,-28.5,11.81,-4.48,44.3,13328
REGN,2021-09-21,2026-09-24,1257,7,85.7,2.15,32.1,5.7,-54.0,13.49,-37.70,47.6,13214
COST,2021-09-21,2026-09-24,1257,3,100.0,inf,30.9,5.6,-19.6,9.47,0.00,111.7,13095
VRTX,2021-09-21,2026-09-24,1257,2,100.0,inf,27.0,4.9,-23.6,12.84,0.00,189.9,12703
MDLZ,2021-09-21,2026-09-24,1257,5,80.0,12.63,26.3,4.8,-18.6,6.64,-2.10,15.8,12628
GOOGL,2021-09-21,2026-09-24,1258,4,75.0,2.45,23.6,4.3,-43.6,14.92,-18.30,153.3,12359
GILD,2021-09-21,2026-09-24,1257,4,75.0,54.56,23.2,4.3,-15.9,7.46,-0.41,165.5,12318
STX,2021-09-21,2026-09-24,1257,4,75.0,2.06,21.8,4.0,-55.5,19.41,-28.28,1220.2,12180
PEP,2021-09-21,2026-09-24,1257,5,40.0,2.73,18.8,3.5,-26.3,15.99,-3.91,-4.0,11883
CSX,2021-09-21,2026-09-24,1257,6,66.7,4.22,17.8,3.3,-25.2,5.64,-2.67,56.4,11779
AEP,2021-09-21,2026-09-24,1257,3,66.7,3.74,16.5,3.1,-25.6,11.40,-6.11,70.5,11650
ALAB,2024-03-20,2026-09-24,631,2,50.0,3.20,16.3,6.2,-50.3,27.04,-8.44,376.9,11632
GOOG,2021-09-21,2026-09-24,1258,4,75.0,1.96,15.9,3.0,-43.6,13.71,-21.01,150.3,11588
PYPL,2021-09-21,2026-09-24,1258,7,71.4,1.86,15.3,2.9,-69.7,25.09,-33.74,-79.2,11533
FER,2021-09-21,2026-09-24,1257,6,66.7,1.85,14.7,2.8,-24.2,9.07,-9.83,111.3,11469
SBUX,2021-09-21,2026-09-24,1257,6,66.7,2.02,13.8,2.6,-39.8,7.80,-7.73,-5.0,11384
AMD,2021-09-21,2026-09-24,1258,4,50.0,1.70,13.3,2.5,-54.7,24.10,-14.20,499.1,11330
SHOP,2021-09-21,2026-09-24,1258,5,80.0,2.07,13.1,2.5,-78.0,30.22,-58.34,7.0,11313
MRVL,2021-09-21,2026-09-24,1258,3,66.7,1.83,12.0,2.3,-55.2,30.05,-32.84,314.5,11203
NVDA,2021-09-21,2026-09-24,1258,2,50.0,1.96,11.6,2.2,-60.8,53.54,-27.32,991.2,11159
XEL,2021-09-21,2026-09-24,1257,4,50.0,1.91,9.4,1.8,-31.2,11.30,-5.93,29.7,10941
MU,2021-09-21,2026-09-24,1258,3,66.7,1.76,7.6,1.5,-44.2,10.65,-12.13,1558.5,10758
EXC,2021-09-21,2026-09-24,1257,4,50.0,1.80,5.4,1.1,-23.9,6.87,-3.81,39.4,10536
TTWO,2021-09-21,2026-09-24,1257,4,50.0,1.22,0.4,0.1,-46.6,14.18,-11.57,18.5,10038
NBIS,2024-10-21,2026-09-24,483,0,0.0,0.00,0.0,0.0,0.0,0.00,0.00,1062.8,10000
DDOG,2021-09-21,2026-09-24,1257,5,60.0,1.30,-1.1,-0.2,-64.1,15.78,-18.14,76.5,9891
PAYX,2021-09-21,2026-09-24,1257,5,60.0,1.06,-3.8,-0.8,-41.0,10.10,-14.29,1.1,9623
TRI,2021-09-21,2026-09-24,1257,6,83.3,1.28,-3.8,-0.8,-56.2,10.78,-42.11,-3.9,9622
ASML,2021-09-21,2026-09-24,1257,3,66.7,0.77,-8.3,-1.7,-56.5,8.33,-21.50,149.0,9166
META,2021-09-21,2026-09-24,1258,5,80.0,1.49,-9.7,-2.0,-74.4,21.81,-58.72,142.5,9028
ODFL,2021-09-21,2026-09-24,1257,5,40.0,0.71,-12.0,-2.5,-39.3,11.03,-10.31,25.6,8796
MELI,2021-09-21,2026-09-24,1257,4,50.0,0.85,-12.4,-2.6,-64.2,13.98,-16.50,20.0,8764
CPRT,2021-09-21,2026-09-24,1257,4,50.0,0.85,-17.4,-3.8,-50.3,17.88,-20.94,-19.0,8264
ADSK,2021-09-21,2026-09-24,1257,4,50.0,0.43,-19.1,-4.2,-42.2,6.85,-15.80,-23.4,8086
ISRG,2021-09-21,2026-09-24,1257,5,60.0,0.62,-20.3,-4.4,-40.1,8.78,-21.13,23.1,7972
DXCM,2021-09-21,2026-09-24,1257,6,33.3,0.46,-23.6,-5.3,-50.1,8.67,-9.36,-35.0,7638
CMCSA,2021-09-21,2026-09-24,1258,5,40.0,0.52,-24.8,-5.6,-43.8,11.67,-14.84,-47.1,7515
AXON,2021-09-21,2026-09-24,1257,3,33.3,0.63,-26.8,-6.1,-54.4,32.43,-25.60,159.6,7316
ROP,2021-09-21,2026-09-24,1257,3,33.3,0.34,-27.0,-6.1,-45.6,12.20,-18.16,-17.0,7295
WDAY,2021-09-21,2026-09-24,1257,5,40.0,0.79,-28.3,-6.5,-54.6,26.21,-22.24,-25.7,7166
INTU,2021-09-21,2026-09-24,1257,4,50.0,0.71,-29.3,-6.7,-63.4,19.33,-27.36,-45.5,7072
NFLX,2021-09-21,2026-09-24,1258,6,66.7,0.91,-31.7,-7.4,-70.0,15.75,-34.51,14.8,6830
IDXX,2021-09-21,2026-09-24,1257,4,25.0,0.27,-43.3,-10.8,-51.5,16.27,-20.11,-16.6,5665
ADBE,2021-09-21,2026-09-24,1258,5,20.0,0.45,-44.4,-11.1,-61.8,33.51,-18.47,-58.9,5557
PLTR,2021-09-21,2026-09-24,1258,2,50.0,0.14,-55.2,-14.9,-71.6,7.96,-58.52,713.0,4478
APP,2021-09-21,2026-09-24,1257,4,50.0,0.99,-65.9,-19.4,-87.7,44.02,-44.47,258.4,3409
DASH,2021-09-21,2026-09-24,1257,3,33.3,0.14,-67.0,-19.9,-82.5,10.05,-36.03,-5.8,3303
