symbol,entry,exit,entry_px,exit_px,ret_pct,open_at_end
AAPL,2022-10-03,2023-02-03,135.56,145.43,7.28,False
AAPL,2023-08-08,2023-11-17,177.05,187.96,6.16,False
AAPL,2024-01-05,2024-05-16,179.80,188.67,4.94,False
AAPL,2025-01-22,2025-08-11,218.21,227.08,4.07,False
AAPL,2026-01-07,2026-05-11,262.49,291.73,11.14,False
ABNB,2022-01-28,2023-01-27,138.54,108.86,-21.43,False
ABNB,2023-08-22,2023-12-12,124.25,137.90,10.99,False
ABNB,2024-08-02,2024-11-08,129.31,134.67,4.15,False
ABNB,2025-04-07,2025-12-16,103.01,132.03,28.17,False
ABNB,2026-02-13,2026-08-10,126.47,178.69,41.30,False
ABNB,2026-09-24,2026-09-24,150.70,151.39,0.46,True
ADBE,2021-10-13,2023-02-02,585.26,393.28,-32.80,False
ADBE,2023-02-27,2023-05-30,322.02,429.94,33.51,False
ADBE,2024-02-21,2024-06-17,539.76,525.51,-2.64,False
ADBE,2024-12-19,2025-05-16,443.41,414.62,-6.49,False
ADBE,2025-08-04,2026-09-24,351.16,238.93,-31.96,True
ADI,2022-01-21,2022-08-01,146.65,159.14,8.51,False
ADI,2022-09-07,2023-02-16,140.11,183.06,30.65,False
ADI,2023-10-26,2023-12-12,153.52,182.38,18.80,False
ADI,2025-04-04,2025-05-13,171.00,217.37,27.12,False
ADP,2022-01-24,2022-03-31,193.95,206.92,6.69,False
ADP,2023-10-26,2024-02-01,203.17,229.40,12.91,False
ADP,2025-04-09,2025-05-19,264.69,306.60,15.83,False
ADP,2025-10-30,2026-07-14,254.82,243.40,-4.48,False
ADSK,2021-11-26,2022-08-01,258.18,212.01,-17.88,False
ADSK,2024-04-16,2024-06-18,230.40,240.51,4.39,False
ADSK,2025-03-04,2025-05-14,270.64,295.85,9.31,False
ADSK,2026-01-12,2026-07-30,275.91,238.09,-13.71,False
AEP,2022-06-14,2022-08-11,79.83,87.53,9.64,False
AEP,2022-09-28,2023-12-14,81.12,76.17,-6.11,False
AEP,2024-12-19,2025-01-28,85.54,96.80,13.16,False
ALAB,2024-07-25,2024-10-10,48.00,60.98,27.04,False
ALAB,2025-01-28,2025-05-13,88.81,81.32,-8.44,False
ALNY,2021-10-29,2022-08-04,161.12,189.43,17.57,False
ALNY,2023-02-24,2023-09-13,191.77,211.65,10.37,False
ALNY,2023-09-25,2024-06-25,170.93,221.37,29.51,False
ALNY,2024-11-18,2025-03-25,235.80,290.05,23.01,False
ALNY,2026-01-16,2026-09-24,362.29,249.59,-31.11,True
AMAT,2022-06-17,2022-11-11,85.13,101.90,19.69,False
AMAT,2025-04-04,2025-05-14,127.67,171.52,34.34,False
AMAT,2025-08-18,2025-09-19,160.46,189.77,18.27,False
AMD,2022-01-26,2022-08-05,114.55,101.05,-11.79,False
AMD,2022-09-23,2023-02-02,68.00,84.29,23.96,False
AMD,2024-04-22,2024-07-11,148.15,184.07,24.25,False
AMD,2024-07-26,2025-05-15,140.32,117.02,-16.60,False
AMGN,2021-10-13,2021-12-17,173.60,192.20,10.72,False
AMGN,2022-06-17,2022-10-25,201.94,230.34,14.07,False
AMGN,2023-01-31,2023-04-06,226.03,228.47,1.08,False
AMGN,2023-05-04,2023-08-07,206.87,221.46,7.05,False
AMGN,2024-11-13,2025-02-06,288.11,293.72,1.95,False
AMGN,2025-04-09,2025-11-06,257.27,310.49,20.68,False
AMZN,2022-01-21,2022-08-04,149.95,140.58,-6.25,False
AMZN,2022-11-02,2023-02-03,97.32,105.26,8.16,False
AMZN,2024-08-06,2024-11-08,161.71,209.72,29.69,False
AMZN,2025-02-28,2025-11-04,208.65,250.38,20.00,False
AMZN,2026-02-09,2026-04-13,208.97,237.45,13.63,False
APP,2022-01-19,2023-02-03,72.98,13.49,-81.52,False
APP,2025-03-11,2025-06-05,239.80,414.17,72.71,False
APP,2026-01-23,2026-05-29,521.50,601.47,15.33,False
APP,2026-08-07,2026-09-24,337.54,312.47,-7.43,True
ARM,2023-10-06,2023-11-27,52.72,63.05,19.59,False
ARM,2024-04-22,2024-06-07,89.94,136.93,52.25,False
ARM,2025-04-04,2025-06-25,91.65,157.11,71.42,False
ARM,2025-11-21,2026-03-26,132.53,157.35,18.73,False
ASML,2021-10-13,2022-11-14,709.03,556.58,-21.50,False
ASML,2023-09-18,2023-11-15,573.74,665.28,15.95,False
ASML,2024-09-09,2025-05-15,751.49,756.75,0.70,False
AVGO,2022-01-21,2022-12-15,50.36,53.16,5.57,False
AVGO,2025-04-04,2025-05-13,146.48,219.47,49.83,False
AXON,2021-12-07,2022-08-04,150.52,117.06,-22.23,False
AXON,2025-02-24,2025-05-09,516.51,684.01,32.43,False
AXON,2025-10-16,2026-06-02,648.50,460.65,-28.97,False
BKNG,2021-11-29,2022-02-10,86.21,100.84,16.97,False
BKNG,2022-03-02,2022-08-15,81.71,82.13,0.52,False
BKNG,2023-10-20,2023-12-11,108.62,128.46,18.27,False
BKNG,2024-08-05,2024-09-24,125.84,162.46,29.10,False
BKNG,2025-03-11,2025-05-29,173.80,216.46,24.55,False
BKNG,2025-10-09,2026-08-10,201.47,213.41,5.93,False
BKNG,2026-09-10,2026-09-24,171.63,157.41,-8.28,True
BKR,2022-06-17,2022-11-02,27.19,26.16,-3.79,False
BKR,2023-03-16,2023-07-10,24.29,30.83,26.89,False
BKR,2023-12-08,2024-03-18,30.08,30.90,2.72,False
BKR,2025-04-07,2025-07-24,33.70,43.55,29.23,False
BKR,2026-07-02,2026-09-24,53.68,57.29,6.72,True
CCEP,2021-10-13,2022-01-12,45.50,51.43,13.02,False
CCEP,2022-02-25,2022-11-21,45.49,45.78,0.64,False
CCEP,2024-04-18,2024-05-08,62.53,68.76,9.97,False
CCEP,2026-01-07,2026-02-05,84.62,94.74,11.96,False
CCEP,2026-03-23,2026-07-02,93.10,107.35,15.31,False
CDNS,2022-01-19,2022-07-28,154.40,177.82,15.17,False
CDNS,2022-10-12,2023-01-24,149.24,183.35,22.86,False
CDNS,2024-04-22,2024-06-13,284.00,312.59,10.07,False
CDNS,2024-07-19,2025-05-14,280.83,316.95,12.86,False
CDNS,2025-11-19,2026-04-23,304.21,325.86,7.12,False
CDNS,2026-07-20,2026-09-24,333.02,322.00,-3.31,True
CEG,2023-01-04,2023-05-23,79.60,81.55,2.45,False
CEG,2024-07-25,2024-09-23,174.34,256.57,47.17,False
CEG,2025-03-06,2025-05-07,218.00,275.11,26.20,False
CEG,2026-02-03,2026-09-24,271.26,261.62,-3.55,True
CMCSA,2021-12-02,2022-11-25,39.80,29.25,-26.50,False
CMCSA,2023-10-27,2024-01-29,32.11,39.20,22.07,False
CMCSA,2024-04-11,2024-07-18,34.32,34.76,1.27,False
CMCSA,2024-12-10,2026-02-06,34.01,30.05,-11.66,False
CMCSA,2026-06-04,2026-09-24,23.64,22.13,-6.38,True
COST,2022-01-19,2022-03-21,465.01,532.49,14.51,False
COST,2022-05-12,2023-02-02,463.52,501.86,8.27,False
COST,2025-03-14,2026-01-13,884.26,933.90,5.61,False
CPRT,2022-01-21,2022-07-22,32.08,30.94,-3.55,False
CPRT,2022-09-14,2022-11-18,27.59,32.61,18.19,False
CPRT,2025-03-05,2025-05-19,53.98,63.46,17.56,False
CPRT,2025-05-27,2026-08-20,54.31,33.49,-38.34,False
CRWD,2021-12-01,2023-05-30,55.17,39.88,-27.71,False
CRWD,2024-04-22,2024-05-16,71.44,85.75,20.04,False
CRWD,2024-07-22,2024-10-14,71.25,80.39,12.83,False
CRWD,2025-03-11,2025-09-19,77.60,124.75,60.76,False
CRWD,2026-01-05,2026-05-08,114.66,124.79,8.84,False
CRWV,2025-11-12,2026-04-14,91.77,114.94,25.25,False
CRWV,2026-07-30,2026-09-24,68.30,90.13,31.96,True
CSCO,2022-01-27,2022-08-19,48.88,43.84,-10.30,False
CSCO,2022-09-22,2022-10-31,36.98,40.91,10.62,False
CSCO,2023-04-21,2023-06-16,42.70,47.86,12.09,False
CSCO,2023-09-27,2024-09-25,48.86,50.13,2.59,False
CSCO,2025-04-07,2025-05-16,51.98,62.24,19.73,False
CSX,2022-01-27,2022-08-02,31.76,30.78,-3.09,False
CSX,2022-09-19,2022-11-14,27.73,29.95,8.02,False
CSX,2023-08-16,2023-11-24,28.97,31.20,7.71,False
CSX,2024-04-17,2024-11-07,33.54,35.62,6.20,False
CSX,2024-12-19,2025-05-16,31.33,30.62,-2.25,False
CSX,2026-09-23,2026-09-24,46.65,46.95,0.64,True
CTAS,2022-01-20,2022-03-29,93.79,102.13,8.89,False
CTAS,2024-12-20,2025-05-28,178.75,223.31,24.93,False
CTAS,2025-09-09,2026-07-17,199.75,206.63,3.45,False
DASH,2021-10-13,2022-11-14,200.00,61.88,-69.06,False
DASH,2024-05-03,2024-08-14,116.48,128.19,10.05,False
DASH,2025-11-07,2026-04-21,195.66,189.78,-3.01,False
DDOG,2022-01-20,2023-05-11,132.88,86.45,-34.94,False
DDOG,2023-08-10,2023-11-15,88.83,109.99,23.82,False
DDOG,2024-08-06,2024-10-10,105.64,125.24,18.55,False
DDOG,2025-02-24,2025-05-14,119.64,118.04,-1.34,False
DDOG,2025-12-16,2026-05-05,140.72,147.71,4.97,False
DXCM,2021-12-06,2022-03-30,129.40,128.39,-0.78,False
DXCM,2022-05-04,2022-10-10,99.34,101.91,2.59,False
DXCM,2023-08-09,2023-11-21,110.71,108.42,-2.07,False
DXCM,2024-06-04,2024-12-05,115.63,80.91,-30.03,False
DXCM,2025-03-11,2025-05-05,71.15,81.65,14.76,False
DXCM,2025-08-06,2026-05-26,75.48,72.02,-4.58,False
EXC,2022-06-14,2022-12-07,37.50,37.30,-0.56,False
EXC,2023-05-17,2024-08-02,34.83,35.63,2.30,False
EXC,2024-12-17,2025-01-22,33.88,37.76,11.44,False
EXC,2026-05-11,2026-09-24,43.26,40.20,-7.07,True
FANG,2022-09-27,2022-10-27,97.29,135.63,39.40,False
FANG,2022-12-12,2023-07-25,113.35,128.62,13.48,False
FANG,2024-09-11,2025-12-04,164.03,155.49,-5.20,False
FAST,2022-01-21,2022-03-21,25.08,25.92,3.37,False
FAST,2022-09-16,2023-02-03,21.19,25.07,18.32,False
FAST,2024-04-12,2024-07-17,32.94,32.96,0.06,False
FAST,2024-12-19,2025-03-10,36.09,39.15,8.48,False
FAST,2025-10-14,2026-02-04,41.03,46.14,12.46,False
FER,2021-11-19,2022-06-02,26.39,24.55,-6.97,False
FER,2022-09-09,2022-11-22,22.27,23.05,3.51,False
FER,2023-02-27,2023-04-20,25.57,27.67,8.22,False
FER,2023-10-05,2023-11-20,27.71,31.27,12.83,False
FER,2024-04-17,2024-05-07,34.40,38.43,11.71,False
FER,2026-03-16,2026-09-24,63.43,55.38,-12.69,True
FTNT,2022-01-26,2023-02-09,56.36,60.76,7.81,False
FTNT,2023-08-07,2024-01-25,57.58,67.27,16.83,False
FTNT,2025-03-14,2026-05-08,94.64,107.30,13.38,False
GEHC,2023-08-09,2023-12-26,73.42,77.33,5.33,False
GEHC,2024-05-01,2024-09-20,76.22,90.02,18.12,False
GEHC,2024-11-18,2025-01-28,81.63,88.49,8.41,False
GEHC,2025-04-04,2025-12-04,63.18,82.81,31.07,False
GEHC,2026-03-13,2026-09-24,70.92,66.38,-6.40,True
GILD,2021-10-13,2021-12-17,56.56,61.05,7.95,False
GILD,2022-01-21,2022-08-16,57.59,57.35,-0.41,False
GILD,2024-02-12,2024-07-18,67.40,68.16,1.13,False
GILD,2026-04-28,2026-08-20,128.75,145.87,13.29,False
GOOG,2022-01-24,2023-01-24,124.84,98.62,-21.01,False
GOOG,2024-08-06,2024-10-31,159.62,173.51,8.70,False
GOOG,2025-02-28,2025-07-22,169.31,191.75,13.25,False
GOOG,2026-03-27,2026-04-15,277.05,330.15,19.16,False
GOOGL,2022-01-24,2023-02-03,124.79,101.96,-18.30,False
GOOGL,2024-08-06,2024-10-31,158.01,171.92,8.81,False
GOOGL,2025-02-28,2025-07-22,167.70,190.83,13.80,False
GOOGL,2026-03-27,2026-04-16,276.94,338.33,22.17,False
HON,2021-11-29,2022-08-01,188.30,173.29,-7.97,False
HON,2022-09-23,2022-10-28,157.20,181.06,15.18,False
HON,2023-03-20,2023-12-01,170.92,183.63,7.43,False
HON,2025-02-10,2025-07-02,197.14,229.70,16.51,False
HON,2025-10-13,2026-01-15,196.23,220.82,12.53,False
HON,2026-09-03,2026-09-24,208.36,211.79,1.65,True
IDXX,2021-10-13,2022-11-02,622.20,390.32,-37.27,False
IDXX,2023-09-22,2023-12-05,439.99,511.56,16.27,False
IDXX,2024-04-15,2025-05-08,506.57,487.14,-3.84,False
IDXX,2026-02-03,2026-09-24,635.59,513.39,-19.23,True
INTC,2021-10-28,2022-01-12,44.34,52.07,17.43,False
INTC,2022-06-14,2023-03-31,35.80,31.04,-13.31,False
INTC,2024-04-11,2024-07-09,37.04,34.80,-6.06,False
INTC,2024-08-05,2025-02-14,20.07,24.36,21.36,False
INTC,2025-04-09,2025-09-19,18.07,30.38,68.12,False
INTU,2022-01-18,2022-08-15,521.25,470.37,-9.76,False
INTU,2023-10-27,2023-11-20,469.25,551.79,17.59,False
INTU,2024-05-31,2024-11-08,551.18,667.28,21.06,False
INTU,2025-08-25,2026-08-14,657.60,362.00,-44.95,False
ISRG,2022-01-18,2022-10-26,301.37,237.75,-21.11,False
ISRG,2023-08-09,2023-11-21,302.87,311.00,2.68,False
ISRG,2025-03-11,2025-05-14,481.23,563.00,16.99,False
ISRG,2025-07-25,2025-10-23,492.48,525.37,6.68,False
ISRG,2026-01-30,2026-09-24,506.70,399.52,-21.15,True
KDP,2022-05-20,2022-07-29,30.84,34.29,11.19,False
KDP,2023-05-01,2023-07-28,29.74,31.13,4.66,False
KDP,2023-10-04,2023-11-24,28.80,29.88,3.72,False
KDP,2024-07-10,2024-08-05,30.12,33.31,10.60,False
KDP,2024-10-25,2025-02-24,33.16,32.47,-2.06,False
KDP,2025-08-26,2026-02-12,29.99,29.24,-2.50,False
KDP,2026-04-06,2026-04-27,24.99,28.84,15.41,False
KLAC,2021-10-13,2021-11-02,30.85,36.30,17.66,False
KLAC,2022-09-27,2022-11-11,29.98,35.72,19.18,False
KLAC,2024-11-18,2025-01-16,60.68,72.61,19.66,False
KLAC,2025-04-07,2025-05-15,56.10,78.94,40.70,False
LIN,2022-01-27,2022-11-11,291.37,316.12,8.50,False
LIN,2023-01-06,2023-03-06,293.09,342.77,16.95,False
LIN,2024-05-03,2024-08-26,404.77,452.27,11.73,False
LIN,2024-11-20,2025-02-07,432.26,446.08,3.20,False
LIN,2025-04-08,2026-01-12,422.30,438.07,3.73,False
LIN,2026-09-11,2026-09-24,462.83,468.14,1.15,True
LITE,2022-02-04,2022-08-04,86.71,92.65,6.85,False
LITE,2022-09-07,2023-01-24,79.06,59.91,-24.22,False
LITE,2023-02-28,2023-06-21,52.09,59.80,14.80,False
LITE,2023-09-28,2023-12-20,44.03,50.14,13.88,False
LITE,2024-08-06,2024-09-27,41.81,65.02,55.51,False
LITE,2025-03-07,2025-05-14,61.55,74.94,21.75,False
LRCX,2022-09-23,2022-11-11,36.82,46.40,26.03,False
LRCX,2024-08-05,2025-05-14,72.73,84.37,16.00,False
MAR,2022-06-23,2022-08-17,132.23,157.79,19.33,False
MAR,2022-09-26,2023-01-24,132.57,162.60,22.65,False
MAR,2024-08-02,2024-09-20,210.70,239.57,13.70,False
MAR,2025-03-11,2025-05-13,251.47,268.38,6.72,False
MAR,2026-09-03,2026-09-24,333.27,351.51,5.47,True
MCHP,2021-10-13,2021-11-08,64.11,78.37,22.25,False
MCHP,2022-01-21,2022-08-04,65.95,66.54,0.89,False
MCHP,2023-04-28,2023-12-12,66.17,82.44,24.58,False
MCHP,2024-08-06,2025-02-20,70.31,61.78,-12.14,False
MCHP,2025-04-04,2025-05-13,37.39,58.53,56.56,False
MCHP,2025-08-11,2025-12-08,59.92,65.19,8.79,False
MCHP,2026-03-09,2026-04-17,62.86,77.92,23.95,False
MDLZ,2022-03-09,2022-11-08,54.57,57.90,6.10,False
MDLZ,2023-10-06,2023-11-17,59.39,65.49,10.28,False
MDLZ,2024-04-11,2024-08-05,62.41,68.39,9.58,False
MDLZ,2024-11-07,2025-02-24,62.80,61.48,-2.10,False
MDLZ,2025-08-06,2026-02-12,60.60,60.96,0.60,False
MELI,2021-10-13,2022-08-05,1479.09,1014.72,-31.40,False
MELI,2024-04-17,2024-05-06,1404.40,1642.21,16.93,False
MELI,2024-11-08,2025-02-11,1824.50,2025.70,11.03,False
MELI,2025-11-21,2026-07-15,1903.62,1873.00,-1.61,False
META,2021-10-13,2023-01-13,323.87,133.69,-58.72,False
META,2024-04-30,2024-07-08,427.41,538.31,25.95,False
META,2025-04-04,2025-05-15,504.18,651.13,29.15,False
META,2025-11-03,2026-01-30,653.78,725.63,10.99,False
META,2026-03-27,2026-09-10,539.17,653.19,21.15,False
MNST,2021-10-14,2021-12-28,21.49,23.73,10.40,False
MNST,2022-03-08,2022-11-25,18.68,25.97,39.04,False
MNST,2023-09-28,2023-11-06,26.62,27.78,4.36,False
MNST,2024-04-11,2024-09-19,27.46,26.36,-4.04,False
MNST,2025-01-13,2025-03-03,25.00,27.21,8.88,False
MNST,2026-03-27,2026-05-11,36.05,42.51,17.91,False
MNST,2026-09-10,2026-09-24,42.73,42.67,-0.14,True
MPWR,2022-01-19,2022-08-03,406.28,495.66,22.00,False
MPWR,2022-09-23,2023-02-03,365.21,448.39,22.77,False
MPWR,2023-09-22,2023-11-15,435.89,530.77,21.77,False
MPWR,2024-11-12,2025-05-13,655.85,699.36,6.63,False
MRVL,2022-01-26,2023-02-03,68.84,46.23,-32.84,False
MRVL,2023-10-26,2024-01-19,47.16,68.51,45.26,False
MRVL,2025-03-07,2025-09-26,71.67,82.29,14.83,False
MSFT,2022-01-26,2023-03-20,296.13,269.48,-9.00,False
MSFT,2024-08-05,2024-12-18,382.43,445.19,16.41,False
MSFT,2025-04-07,2025-05-05,346.81,427.85,23.37,False
MSFT,2025-11-24,2026-04-17,472.01,423.11,-10.36,False
MSFT,2026-06-26,2026-07-31,356.48,449.15,26.00,False
MSTR,2022-01-24,2022-08-15,32.00,34.65,8.27,False
MSTR,2022-09-07,2023-01-18,20.40,23.70,16.18,False
MSTR,2023-03-13,2023-07-05,20.20,36.70,81.67,False
MSTR,2025-02-26,2025-05-09,245.39,420.00,71.16,False
MSTR,2025-11-14,2026-04-20,200.58,162.30,-19.08,False
MSTR,2026-06-08,2026-08-26,125.84,123.26,-2.05,False
MU,2021-10-13,2021-11-10,65.17,72.42,11.12,False
MU,2022-06-17,2023-01-24,54.72,60.29,10.18,False
MU,2024-07-26,2025-05-14,109.31,96.06,-12.13,False
NFLX,2022-01-06,2022-08-15,55.43,24.81,-55.24,False
NFLX,2023-03-13,2023-05-19,28.73,36.99,28.72,False
NFLX,2023-09-25,2023-11-13,38.29,44.73,16.81,False
NFLX,2024-08-06,2024-08-21,60.06,69.70,16.05,False
NFLX,2025-12-11,2026-03-02,93.90,95.26,1.45,False
NFLX,2026-06-04,2026-09-24,83.19,71.72,-13.79,True
NVDA,2022-01-24,2022-11-14,22.23,16.16,-27.32,False
NVDA,2025-04-07,2025-05-15,87.24,133.95,53.54,False
NXPI,2021-10-13,2021-11-08,168.23,204.02,21.28,False
NXPI,2022-01-28,2023-02-02,170.54,182.38,6.95,False
NXPI,2023-10-26,2023-12-08,169.26,200.49,18.45,False
NXPI,2025-04-04,2025-07-07,160.52,223.85,39.45,False
NXPI,2025-11-19,2025-12-11,186.15,226.32,21.58,False
NXPI,2026-03-09,2026-04-22,197.55,226.71,14.76,False
NXPI,2026-08-03,2026-09-24,221.25,230.16,4.03,True
ODFL,2022-01-19,2022-08-01,153.40,146.58,-4.45,False
ODFL,2023-10-27,2024-02-08,184.25,212.12,15.13,False
ODFL,2024-04-29,2024-07-16,180.56,193.07,6.92,False
ODFL,2024-12-19,2025-12-05,191.01,152.39,-20.22,False
ODFL,2026-09-02,2026-09-24,186.61,174.93,-6.26,True
ORLY,2022-05-02,2022-08-10,40.21,48.20,19.85,False
ORLY,2023-01-30,2023-04-14,51.80,59.02,13.93,False
ORLY,2024-05-01,2024-06-21,67.06,72.39,7.95,False
ORLY,2025-10-28,2026-01-27,95.67,100.24,4.78,False
ORLY,2026-03-23,2026-09-24,89.08,86.24,-3.19,True
PANW,2022-05-10,2023-01-30,79.91,79.14,-0.97,False
PANW,2023-08-09,2023-10-13,105.69,131.18,24.12,False
PANW,2024-02-22,2024-05-21,137.06,150.58,9.86,False
PANW,2025-01-14,2025-02-19,168.30,208.19,23.70,False
PANW,2025-04-07,2025-09-18,147.57,204.60,38.65,False
PANW,2025-11-21,2026-05-08,185.01,194.85,5.32,False
PAYX,2022-01-24,2022-03-31,101.72,119.43,17.41,False
PAYX,2022-09-27,2023-07-14,100.73,107.69,6.92,False
PAYX,2023-09-18,2023-12-01,104.72,110.98,5.98,False
PAYX,2025-06-26,2026-06-02,131.66,98.89,-24.89,False
PAYX,2026-09-24,2026-09-24,105.49,101.59,-3.70,True
PCAR,2022-03-08,2022-07-29,47.67,51.89,8.86,False
PCAR,2024-04-22,2024-10-14,104.37,99.84,-4.34,False
PCAR,2025-04-08,2025-12-08,86.49,108.37,25.30,False
PCAR,2026-03-23,2026-07-29,113.89,137.29,20.54,False
PCAR,2026-09-17,2026-09-24,119.36,110.67,-7.28,True
PDD,2021-11-29,2022-06-08,68.17,61.41,-9.92,False
PDD,2023-04-13,2023-07-31,68.03,89.12,31.00,False
PDD,2024-01-31,2024-05-06,124.22,141.65,14.03,False
PDD,2024-07-31,2024-08-20,127.46,148.91,16.83,False
PDD,2024-08-27,2024-09-30,99.99,141.90,41.91,False
PDD,2024-11-25,2025-02-19,99.05,128.57,29.80,False
PDD,2025-04-09,2025-07-23,90.26,118.00,30.73,False
PDD,2025-11-19,2026-09-24,119.55,78.20,-34.59,True
PEP,2022-03-14,2023-04-06,133.69,162.21,21.33,False
PEP,2023-05-31,2024-04-01,161.82,159.96,-1.14,False
PEP,2024-11-01,2025-07-18,153.68,139.20,-9.42,False
PEP,2026-01-07,2026-02-02,135.11,149.51,10.66,False
PEP,2026-09-21,2026-09-24,129.65,128.15,-1.16,True
PLTR,2021-11-23,2023-02-03,20.59,8.54,-58.52,False
PLTR,2026-01-30,2026-08-05,150.05,162.00,7.96,False
PYPL,2021-11-08,2022-08-04,225.45,96.82,-57.05,False
PYPL,2022-12-19,2023-02-03,68.30,84.45,23.65,False
PYPL,2023-05-15,2023-07-19,61.07,73.65,20.60,False
PYPL,2023-10-26,2024-08-21,50.93,71.27,39.93,False
PYPL,2025-02-27,2025-10-09,71.35,76.34,6.99,False
PYPL,2025-11-21,2026-04-21,57.73,51.71,-10.43,False
PYPL,2026-06-08,2026-07-16,41.16,55.27,34.29,False
QCOM,2021-10-13,2021-11-05,112.30,140.89,25.46,False
QCOM,2022-09-30,2023-02-02,103.97,127.36,22.49,False
QCOM,2023-05-05,2023-11-08,100.14,113.93,13.77,False
QCOM,2025-04-04,2025-09-19,130.07,165.72,27.40,False
QCOM,2026-01-21,2026-04-27,153.92,154.89,0.63,False
QCOM,2026-08-03,2026-09-16,145.41,189.17,30.10,False
REGN,2021-10-13,2022-03-17,543.20,669.47,23.25,False
REGN,2022-05-09,2022-09-09,606.94,705.08,16.17,False
REGN,2023-06-29,2023-08-11,690.26,787.26,14.05,False
REGN,2023-10-30,2023-12-13,772.24,855.06,10.72,False
REGN,2024-04-15,2024-06-13,906.81,1013.12,11.72,False
REGN,2024-09-25,2025-10-29,1038.72,647.09,-37.70,False
REGN,2026-04-30,2026-07-31,691.24,725.84,5.01,False
RKLB,2022-01-24,2022-08-04,8.47,5.23,-38.25,False
RKLB,2022-09-26,2023-01-13,4.10,4.73,15.37,False
RKLB,2023-09-20,2024-05-15,4.62,4.60,-0.43,False
RKLB,2025-02-26,2025-05-28,21.02,29.91,42.33,False
RKLB,2025-11-18,2025-12-12,42.22,62.50,48.03,False
RKLB,2026-07-30,2026-09-24,60.93,73.61,20.81,True
ROP,2022-01-26,2022-10-31,419.44,401.89,-4.19,False
ROP,2024-05-01,2025-01-31,503.89,565.38,12.20,False
ROP,2025-04-08,2026-07-06,529.38,359.22,-32.14,False
ROST,2022-01-21,2022-04-19,92.54,99.44,7.45,False
ROST,2022-05-23,2022-08-17,68.85,87.23,26.70,False
ROST,2023-03-10,2023-07-03,101.64,107.63,5.89,False
ROST,2023-09-26,2023-11-08,106.06,119.67,12.84,False
ROST,2024-04-16,2024-06-18,130.46,146.76,12.49,False
ROST,2025-02-24,2025-05-13,134.77,146.89,8.99,False
ROST,2025-06-20,2025-08-07,127.34,144.95,13.83,False
SBUX,2021-11-01,2022-08-16,95.25,80.62,-15.36,False
SBUX,2023-05-31,2023-11-06,90.43,95.40,5.50,False
SBUX,2024-04-11,2024-08-14,80.67,90.16,11.76,False
SBUX,2024-12-18,2025-01-29,87.80,98.26,11.91,False
SBUX,2025-03-14,2026-01-22,92.85,94.75,2.05,False
SBUX,2026-06-05,2026-09-24,93.75,93.65,-0.11,True
SHOP,2022-01-07,2023-01-26,116.90,48.70,-58.34,False
SHOP,2023-08-18,2023-11-16,51.47,67.06,30.29,False
SHOP,2024-04-16,2024-09-24,68.47,80.77,17.96,False
SHOP,2025-03-11,2025-08-07,92.75,154.46,66.53,False
SHOP,2026-01-22,2026-08-10,141.79,150.44,6.10,False
SNDK,2025-04-07,2025-06-20,29.22,46.98,60.78,False
SNPS,2022-01-24,2022-07-28,299.97,354.24,18.09,False
SNPS,2022-09-07,2022-12-02,328.55,348.97,6.22,False
SNPS,2024-01-08,2024-06-20,490.39,622.93,27.03,False
SNPS,2024-09-09,2025-05-13,466.53,506.58,8.58,False
SNPS,2025-09-11,2025-12-11,415.97,476.62,14.58,False
SNPS,2026-02-04,2026-04-23,413.92,466.11,12.61,False
SNPS,2026-07-20,2026-08-28,382.00,461.85,20.90,False
STX,2022-01-24,2023-01-24,81.91,58.75,-28.28,False
STX,2023-04-24,2023-08-04,52.07,63.62,22.18,False
STX,2024-12-20,2025-01-22,86.20,106.30,23.32,False
STX,2025-03-07,2025-05-09,85.00,95.81,12.72,False
TER,2022-01-28,2022-11-14,105.93,93.40,-11.83,False
TER,2023-04-28,2023-06-14,89.35,109.12,22.12,False
TER,2023-10-26,2023-12-15,84.48,103.18,22.14,False
TER,2024-10-25,2024-12-17,110.45,128.31,16.16,False
TER,2025-03-12,2025-07-11,88.63,97.35,9.84,False
TMUS,2021-12-01,2022-02-09,105.05,120.40,14.62,False
TMUS,2023-06-07,2023-12-01,122.50,143.52,17.16,False
TMUS,2025-01-07,2025-02-06,204.84,236.07,15.25,False
TMUS,2025-06-20,2025-08-20,216.75,253.67,17.03,False
TMUS,2025-10-03,2026-02-13,225.26,212.85,-5.51,False
TMUS,2026-04-14,2026-09-24,188.03,165.35,-12.06,True
TRI,2022-01-19,2022-07-28,98.19,100.95,2.81,False
TRI,2022-09-26,2022-11-23,95.95,106.56,11.06,False
TRI,2023-05-05,2023-06-26,110.44,124.28,12.53,False
TRI,2023-10-03,2023-11-17,112.98,128.24,13.50,False
TRI,2024-08-06,2025-02-07,146.98,167.53,13.98,False
TRI,2025-08-07,2026-09-24,173.30,100.32,-42.11,True
TSLA,2022-05-13,2022-08-01,257.83,301.28,16.85,False
TSLA,2022-10-10,2023-01-30,223.93,178.05,-20.49,False
TSLA,2023-04-27,2023-05-31,152.64,199.78,30.88,False
TSLA,2023-08-18,2024-07-02,214.12,218.89,2.23,False
TSLA,2025-02-26,2025-05-14,303.71,342.50,12.77,False
TSLA,2026-07-24,2026-09-24,320.72,377.94,17.84,True
TTWO,2022-01-11,2023-01-30,141.29,113.10,-19.95,False
TTWO,2024-08-05,2024-11-07,141.16,174.00,23.26,False
TTWO,2025-11-10,2026-05-15,231.97,243.77,5.09,False
TTWO,2026-09-10,2026-09-24,209.68,202.98,-3.20,True
TXN,2023-04-27,2023-12-15,147.17,157.64,7.12,False
TXN,2024-12-20,2025-02-21,175.71,196.39,11.77,False
TXN,2025-04-07,2025-06-10,144.81,193.53,33.65,False
TXN,2025-07-24,2025-12-04,180.41,180.21,-0.11,False
VRTX,2024-12-20,2025-02-04,395.72,468.04,18.28,False
VRTX,2025-05-08,2025-12-04,430.17,462.00,7.40,False
WBD,2021-12-02,2022-01-10,22.44,30.17,34.45,False
WBD,2022-04-28,2022-08-05,19.02,14.59,-23.29,False
WBD,2024-02-26,2024-07-19,8.78,8.50,-3.19,False
WBD,2025-04-07,2025-06-30,7.80,11.41,46.28,False
WDAY,2022-01-06,2022-08-11,246.45,172.30,-30.09,False
WDAY,2023-09-29,2023-11-30,214.95,264.26,22.94,False
WDAY,2024-03-06,2024-08-26,268.30,260.00,-3.09,False
WDAY,2025-04-07,2025-05-13,206.04,266.76,29.47,False
WDAY,2025-07-14,2026-06-02,223.62,148.60,-33.55,False
WDC,2022-01-26,2022-05-04,42.52,46.68,9.78,False
WDC,2022-06-17,2023-01-24,34.98,30.94,-11.55,False
WDC,2023-03-14,2023-08-01,27.17,31.59,16.28,False
WDC,2023-10-27,2023-12-14,29.09,38.35,31.86,False
WDC,2024-07-31,2025-05-14,49.92,48.59,-2.66,False
WMT,2021-12-03,2022-04-05,42.54,47.62,11.93,False
WMT,2022-05-18,2022-11-23,40.55,48.38,19.30,False
WMT,2025-03-13,2025-08-07,83.60,102.36,22.43,False
WMT,2026-06-01,2026-09-24,114.46,107.59,-6.00,True
XEL,2022-06-14,2022-08-16,59.26,66.35,11.96,False
XEL,2022-09-28,2024-07-31,60.49,54.41,-10.05,False
XEL,2025-12-11,2026-02-17,72.43,80.14,10.65,False
XEL,2026-09-24,2026-09-24,70.85,69.56,-1.82,True
