strategy,symbol,period,trades_hold,win%_hold,pf_hold,net_hold,maxdd_hold,rf_hold,trades_eod,win%_eod,pf_eod,net_eod,maxdd_eod,rf_eod,net_delta,net_delta_pct
Supertrend,MNQ,2025-03-24 -> 2026-09-25,1415,31.4,1.32,128247,-30771,4.17,1584,33.8,1.04,16545,-38812,0.43,-111703,-87.1
Supertrend,MES,2025-03-20 -> 2026-09-25,1415,31.4,1.37,69303,-10720,6.46,1609,34.5,1.18,35315,-10692,3.30,-33987,-49.0
Supertrend,MGC,2025-01-09 -> 2026-09-25,1325,33.0,1.61,197713,-13453,14.70,1513,35.2,1.06,23219,-25457,0.91,-174494,-88.3
Supertrend + DEMA,MNQ,2025-03-24 -> 2026-09-25,1085,32.3,1.28,95652,-18074,5.29,1208,34.1,1.03,10630,-25290,0.42,-85022,-88.9
Supertrend + DEMA,MES,2025-03-20 -> 2026-09-25,1088,33.0,1.30,47387,-9059,5.23,1240,35.1,1.11,19530,-9434,2.07,-27856,-58.8
Supertrend + DEMA,MGC,2025-01-09 -> 2026-09-25,985,34.0,1.60,157800,-16349,9.65,1132,36.0,1.09,25403,-26701,0.95,-132397,-83.9
Supertrend + DEMA + regime,MNQ,2025-03-24 -> 2026-09-25,702,34.2,1.31,73968,-16433,4.50,774,35.5,1.06,14316,-23808,0.60,-59652,-80.6
Supertrend + DEMA + regime,MES,2025-03-20 -> 2026-09-25,652,35.9,1.35,37154,-12869,2.89,735,37.4,1.17,18840,-14042,1.34,-18314,-49.3
Supertrend + DEMA + regime,MGC,2025-01-09 -> 2026-09-25,660,35.0,1.42,88706,-23837,3.72,739,36.8,1.02,5049,-30341,0.17,-83656,-94.3
EMA 9/21 cross,MNQ,2025-03-24 -> 2026-09-25,2672,32.9,1.05,34627,-24316,1.42,2812,35.1,0.98,-13294,-31271,-0.43,-47921,-138.4
EMA 9/21 cross,MES,2025-03-20 -> 2026-09-25,2684,33.0,1.07,21544,-16139,1.33,2860,35.7,1.01,4230,-20776,0.20,-17314,-80.4
EMA 9/21 cross,MGC,2025-01-09 -> 2026-09-25,2483,33.7,1.29,150125,-24523,6.12,2626,36.7,1.04,22628,-35427,0.64,-127497,-84.9
EMA 9/21 + DEMA + regime,MNQ,2025-03-24 -> 2026-09-25,1246,33.1,1.02,5765,-32362,0.18,1300,34.5,0.95,-18262,-35925,-0.51,-24027,-416.8
EMA 9/21 + DEMA + regime,MES,2025-03-20 -> 2026-09-25,1209,33.9,1.11,18066,-12740,1.42,1278,34.9,1.02,3224,-14101,0.23,-14843,-82.2
EMA 9/21 + DEMA + regime,MGC,2025-01-09 -> 2026-09-25,1177,34.9,1.24,69527,-23262,2.99,1240,37.6,1.06,18408,-26816,0.69,-51120,-73.5
