time,strategy,account,symbol,side,qty,entry,exit,stop,pnl,ret_pct,reason,hold
2026-09-21 15:59:12,DU672616_MES_5m,DU672616,MES,LONG,4,7808.372,7833.0,7833.0,98.51,0.32,STOP,0:18:04
2026-09-22 13:53:06,DU672616_MES_5m,DU672616,MES,SHORT,4,7829.0,7837.25,7836.25,-33.0,-0.11,STOP,3:07:56
2026-09-22 14:00:35,DU672616_MES_5m,DU672616,MES,SHORT,4,7837.5,7837.75,7836.25,-1.0,-0.0,STOP,0:05:26
2026-09-22 14:10:12,DU672616_MES_5m,DU672616,MES,SHORT,4,7835.25,7837.5,7870.155,-9.0,-0.03,FLIP,0:04:57
2026-09-22 15:56:05,DU672616_MES_5m,DU672616,MES,LONG,4,7837.5,7835.5,7835.75,-8.0,-0.03,STOP,1:45:49
2026-09-23 13:45:42,DU672616_MES_5m,DU672616,MES,SHORT,4,7786.5,7781.0,7781.0,22.0,0.07,STOP,3:00:32
2026-09-23 13:57:41,DU672616_MES_5m,DU672616,MES,SHORT,4,7779.0,7781.25,7781.0,-9.0,-0.03,STOP,0:07:32
2026-09-23 14:15:07,DU672616_MES_5m,DU672616,MES,SHORT,4,7784.25,7779.9375,7781.0,17.25,0.06,FLIP,0:14:57
2026-09-23 15:51:41,DU672616_MES_5m,DU672616,MES,LONG,4,7778.0,7762.0,7762.25,-64.0,-0.21,STOP,1:36:31
2026-09-24 10:50:07,DU672616_MES_5m,DU672616,MES,LONG,4,7745.75,7748.5,7733.8862,11.0,0.04,FLIP,0:04:52
2026-09-24 12:16:05,DU672616_MES_5m,DU672616,MES,SHORT,4,7748.0,7749.75,7749.5,-7.0,-0.02,STOP,1:25:55
2026-09-24 12:25:36,DU672616_MES_5m,DU672616,MES,SHORT,4,7762.75,7765.25,7749.5,-10.0,-0.03,STOP,0:05:26
2026-09-24 12:35:07,DU672616_MES_5m,DU672616,MES,SHORT,4,7765.25,7762.5,7778.1975,11.0,0.04,FLIP,0:04:57
2026-09-24 16:18:05,DU672616_MES_5m,DU672616,MES,LONG,4,7762.5,7753.25,7753.25,-37.0,-0.12,STOP,3:42:54
2026-09-25 10:50:06,DU672616_MES_5m,DU672616,MES,SHORT,4,7762.6875,7773.25,7798.2975,-42.25,-0.14,FLIP,0:04:57
2026-09-25 11:46:12,DU672616_MES_5m,DU672616,MES,LONG,4,7773.0,7764.75,7764.75,-33.0,-0.11,STOP,0:56:02
