symbol,strategy,entry_id,side,qty,entry_time_et,entry_price,exit_time_et,exit_price,reason,R_points,R_result,pnl
MNQ,Supertrend + DEMA,33,LONG,4,2026-09-29 10:05:00,30629.25,2026-09-29 11:20:00,30563.4519,STOP,153.1463,-0.43R,-526.38
MNQ,Supertrend + DEMA,34,SHORT,4,2026-09-29 11:25:00,30559.75,2026-09-29 14:20:00,30609.494,STOP,152.7987,-0.33R,-397.95
MNQ,Supertrend + DEMA,35,LONG,4,2026-09-29 14:40:00,30641.5,2026-09-30 13:25:00,30783.1543,STOP,153.2075,+0.92R,1133.23
MNQ,Supertrend + DEMA,36,LONG,4,2026-09-30 13:30:00,30789.25,2026-09-30 15:50:00,30783.1543,STOP,153.9463,-0.04R,-48.77
MNQ,Supertrend + DEMA,37,SHORT,4,2026-09-30 15:55:00,30727.75,2026-10-01 09:30:00,30784.9922,STOP,153.6387,-0.37R,-457.94
MNQ,Supertrend + DEMA,38,LONG,4,2026-10-01 09:35:00,30809.0,2026-10-01 10:00:00,30679.4755,STOP,154.045,-0.84R,-1036.2
MNQ,Supertrend + DEMA,39,SHORT,4,2026-10-01 10:05:00,30621.5,2026-10-01 13:20:00,30725.8559,STOP,262.6273,-0.40R,-834.85
MNQ,Supertrend + DEMA,40,LONG,4,2026-10-01 13:25:00,30782.5,2026-10-01 14:05:00,30720.8079,STOP,191.4142,-0.32R,-493.54
MNQ,Supertrend + DEMA,41,SHORT,4,2026-10-01 14:10:00,30717.75,2026-10-02 09:30:00,30830.1745,STOP,162.638,-0.69R,-899.4
MNQ,Supertrend + DEMA,42,LONG,4,2026-10-02 09:35:00,31145.5,2026-10-02 11:05:00,31111.7078,STOP,210.3445,-0.16R,-270.34
MNQ,Supertrend + DEMA,43,SHORT,4,2026-10-02 13:30:00,31007.25,2026-10-02 16:55:00,31049.0,END,155.0362,-0.27R,-334.0
MES,Supertrend,48,SHORT,4,2026-09-29 09:35:00,7743.25,2026-09-29 14:20:00,7729.5968,STOP,38.7162,+0.35R,273.06
MES,Supertrend,49,SHORT,4,2026-09-29 14:25:00,7728.0,2026-09-29 14:30:00,7729.5968,STOP,38.64,-0.04R,-31.94
MES,Supertrend,50,SHORT,4,2026-09-29 14:35:00,7727.0,2026-09-29 14:40:00,7737.5,FLIP,38.635,-0.27R,-210.0
MES,Supertrend,51,LONG,4,2026-09-29 14:40:00,7737.5,2026-09-30 13:20:00,7754.7969,STOP,38.6875,+0.45R,345.94
MES,Supertrend,52,LONG,4,2026-09-30 13:25:00,7757.25,2026-09-30 14:20:00,7754.7969,STOP,38.7863,-0.06R,-49.06
MES,Supertrend,53,SHORT,4,2026-09-30 14:25:00,7753.5,2026-10-01 09:30:00,7736.2525,STOP,38.7675,+0.44R,344.95
MES,Supertrend,54,SHORT,4,2026-10-01 09:35:00,7734.25,2026-10-01 13:20:00,7715.9314,STOP,38.6712,+0.47R,366.37
MES,Supertrend,55,LONG,4,2026-10-01 13:25:00,7721.75,2026-10-01 14:05:00,7706.6293,STOP,38.6088,-0.39R,-302.41
MES,Supertrend,56,LONG,2,2026-10-01 14:10:00,7711.5,2026-10-02 09:30:00,7788.615,TP2R,38.5575,+2.00R,771.15
MES,Supertrend,56,LONG,2,2026-10-01 14:10:00,7711.5,2026-10-02 11:10:00,7773.25,FLIP,38.5575,+1.60R,617.5
MES,Supertrend,57,SHORT,4,2026-10-02 11:10:00,7773.25,2026-10-02 16:55:00,7776.5,END,38.8662,-0.08R,-65.0
MGC,Supertrend,48,LONG,4,2026-09-29 09:35:00,4185.9,2026-09-29 11:20:00,4186.6986,STOP,20.9295,+0.04R,31.95
MGC,Supertrend,49,LONG,4,2026-09-29 11:25:00,4187.4,2026-09-29 11:30:00,4183.7,FLIP,20.937,-0.18R,-148.0
MGC,Supertrend,50,SHORT,4,2026-09-29 11:30:00,4183.7,2026-09-29 14:00:00,4187.4092,STOP,20.9185,-0.18R,-148.37
MGC,Supertrend,51,SHORT,4,2026-09-29 14:05:00,4193.2,2026-09-29 14:15:00,4199.0,FLIP,20.966,-0.28R,-232.0
MGC,Supertrend,52,LONG,4,2026-09-29 14:15:00,4199.0,2026-09-30 09:50:00,4208.336,STOP,20.995,+0.44R,373.44
MGC,Supertrend,53,LONG,4,2026-09-30 09:55:00,4213.8,2026-09-30 10:00:00,4208.1791,STOP,21.069,-0.27R,-224.83
MGC,Supertrend,54,LONG,4,2026-09-30 10:05:00,4209.8,2026-09-30 10:15:00,4208.336,STOP,21.049,-0.07R,-58.56
MGC,Supertrend,55,LONG,4,2026-09-30 10:20:00,4208.3,2026-09-30 10:25:00,4204.9,FLIP,21.0415,-0.16R,-136.0
MGC,Supertrend,56,SHORT,4,2026-09-30 10:25:00,4204.9,2026-09-30 16:35:00,4191.8172,STOP,21.1148,+0.62R,523.31
MGC,Supertrend,57,LONG,4,2026-09-30 16:40:00,4192.1,2026-10-01 10:00:00,4187.5175,STOP,20.9605,-0.22R,-183.3
MGC,Supertrend,58,SHORT,4,2026-10-01 10:05:00,4184.1,2026-10-01 10:30:00,4198.2932,STOP,20.9205,-0.68R,-567.73
MGC,Supertrend,59,SHORT,4,2026-10-01 10:35:00,4196.6,2026-10-01 10:40:00,4203.3,FLIP,20.983,-0.32R,-268.0
MGC,Supertrend,60,LONG,4,2026-10-01 10:40:00,4203.3,2026-10-01 11:10:00,4179.5572,STOP,23.7428,-1.00R,-949.71
MGC,Supertrend,61,LONG,2,2026-10-01 11:15:00,4185.8,2026-10-02 09:30:00,4227.658,TP2R,20.929,+2.00R,837.16
MGC,Supertrend,61,LONG,2,2026-10-01 11:15:00,4185.8,2026-10-02 09:55:00,4208.171,STOP,20.929,+1.07R,447.42
MGC,Supertrend,62,LONG,4,2026-10-02 10:00:00,4220.9,2026-10-02 10:10:00,4211.6505,STOP,21.1045,-0.44R,-369.98
MGC,Supertrend,63,LONG,4,2026-10-02 10:15:00,4218.7,2026-10-02 10:20:00,4211.6505,STOP,21.0935,-0.33R,-281.98
MGC,Supertrend,64,LONG,4,2026-10-02 10:25:00,4212.4,2026-10-02 10:30:00,4203.7,FLIP,21.062,-0.41R,-348.0
MGC,Supertrend,65,SHORT,4,2026-10-02 10:30:00,4203.7,2026-10-02 15:10:00,4178.3622,STOP,31.8642,+0.80R,1013.51
MGC,Supertrend,66,SHORT,4,2026-10-02 15:15:00,4178.1,2026-10-02 15:30:00,4178.3622,STOP,20.8905,-0.01R,-10.49
MGC,Supertrend,67,SHORT,4,2026-10-02 15:35:00,4177.5,2026-10-02 16:55:00,4171.9,END,20.8875,+0.27R,224.0
