day,sym,dir,et,xt,entry,exit,risk,pts,net,r,why,bars
2025-09-09,MNQ,1,715,920,24989.5,25041.57783000511,26.03891500255486,52.07783000510972,102.91566001021944,1.9761894840879828,tgt,42
2025-09-10,MNQ,1,640,675,25162.5,25132.824413017584,29.425586982415552,-29.675586982415552,-60.59117396483111,-1.0295661051900138,stop,8
2025-09-10,MNQ,1,710,720,25150.0,25125.10003166286,24.649968337140308,-24.899968337140308,-51.03993667428062,-1.0352941629823178,stop,3
2025-09-11,MNQ,1,635,955,25185.25,25199.25,30.623660384862887,14.0,26.76,0.4369170710439848,eod,65
2025-09-12,MNQ,1,605,610,25243.75,25223.504566908377,19.995433091622544,-20.245433091622544,-41.73086618324509,-1.0435099352944,stop,2
2025-09-12,MNQ,1,620,650,25249.5,25294.294071794677,22.397035897338355,44.79407179467671,88.34814358935343,1.9723177654917419,tgt,7
2025-09-12,MNQ,1,670,705,25289.25,25268.287616194088,20.712383805912395,-20.962383805912395,-43.16476761182479,-1.0420038566372867,stop,8
2025-09-12,MNQ,1,730,775,25286.0,25318.387111559874,16.193555779937014,32.38711155987403,63.534223119748056,1.9617131648894464,tgt,10
2025-09-15,MNQ,1,650,715,25453.75,25496.105842117635,21.177921058817446,42.35584211763489,83.47168423526979,1.9707242274499903,tgt,14
2025-09-15,MNQ,1,725,800,25480.0,25461.786210648952,17.963789351048035,-18.213789351048035,-37.66757870209607,-1.048430761628211,stop,16
2025-09-15,MNQ,1,825,880,25478.25,25463.789311184617,14.210688815383037,-14.460688815383037,-30.161377630766072,-1.06122152214453,stop,12
2025-09-15,MNQ,1,895,955,25483.75,25513.311078017876,14.780539008937922,29.561078017875843,57.882156035751684,1.9580529505977367,tgt,13
2025-09-18,MNQ,1,670,710,25753.0,25709.541106791617,43.208893208382506,-43.458893208382506,-88.157786416765,-1.0201347439242257,stop,9
2025-09-18,MNQ,1,745,815,25746.0,25713.388023481024,32.36197651897601,-32.61197651897601,-66.46395303795201,-1.0268834012499162,stop,15
2025-09-18,MNQ,1,850,850,25731.25,25710.60766551725,20.392334482748993,-20.642334482748993,-42.52466896549799,-1.0426630899339153,stop,1
2025-09-18,MNQ,1,875,880,25725.5,25705.285130364016,19.964869635983632,-20.214869635983632,-41.669739271967266,-1.0435765429908923,stop,2
2025-09-19,MNQ,1,615,615,25768.75,25741.111978226618,27.388021773382206,-27.638021773382206,-56.516043546764415,-1.0317657115653944,stop,1
2025-09-19,MNQ,1,820,925,25797.25,25828.732743681037,15.741371840518696,31.48274368103739,61.72548736207478,1.9606133438507498,tgt,22
2025-09-22,MNQ,1,620,640,25855.5,25897.879752140267,21.189876070133323,42.379752140266646,83.5195042805333,1.9707407444032259,tgt,5
2025-09-22,MNQ,1,710,730,25898.5,25934.167660624196,17.833830312098144,35.66766062419629,70.09532124839258,1.9652346137004904,tgt,5
2025-09-22,MNQ,1,820,885,25977.0,26008.286378257573,15.643189128786616,31.286378257573233,61.332756515146464,1.9603661379469564,tgt,14
2025-09-22,MNQ,1,900,935,26001.0,25987.828547280667,12.921452719332592,-13.171452719332592,-27.582905438665183,-1.0673298907558852,stop,8
2025-09-26,MNQ,1,690,695,25605.25,25559.01587556861,45.98412443139023,-46.23412443139023,-93.70824886278045,-1.018919573021295,stop,2
2025-09-26,MNQ,1,860,955,25675.25,25702.25,23.73863781572436,27.0,52.76,1.1112684815691494,eod,20
2025-09-29,MNQ,1,625,655,25952.0,25916.3955375678,35.35446243219849,-35.60446243219849,-72.44892486439697,-1.024607926132902,stop,7
2025-10-02,MNQ,1,625,645,26072.5,26037.332198883454,34.91780111654589,-35.16780111654589,-71.57560223309177,-1.0249156582654269,stop,5
2025-10-02,MNQ,1,715,760,26053.0,26022.47583976327,30.274160236731404,-30.524160236731404,-62.28832047346281,-1.0287373784506972,stop,10
2025-10-02,MNQ,1,775,930,26068.75,26117.43640082953,24.343200414765306,48.68640082953061,96.13280165906123,1.9745308755859423,tgt,32
2025-10-06,MNQ,1,665,800,26157.0,26221.374028980128,32.18701449006403,64.37402898012806,127.50805796025612,1.9807375735270076,tgt,28
2025-10-06,MNQ,1,805,815,26221.75,26204.598340664877,16.90165933512253,-17.15165933512253,-35.543318670245064,-1.0514742359167124,stop,3
2025-10-06,MNQ,1,820,820,26220.5,26203.66702056878,16.582979431219428,-16.832979431219428,-34.90595886243886,-1.0524634311710068,stop,1
2025-10-06,MNQ,1,830,945,26217.75,26200.62615549043,16.873844509569608,-17.123844509569608,-35.48768901913922,-1.05155908598699,stop,24
2025-10-07,MNQ,1,610,625,26243.25,26219.24527701043,23.754722989571746,-24.004722989571746,-49.249445979143495,-1.036624295740343,stop,4
2025-10-08,MNQ,1,680,710,26202.0,26247.519886722584,22.759943361292244,45.51988672258449,89.79977344516898,1.9727591589241638,tgt,7
2025-10-08,MNQ,1,785,825,26250.5,26279.70902193465,14.60451096732504,29.20902193465008,57.17804386930016,1.9575473631820237,tgt,9
2025-10-08,MNQ,1,830,840,26277.25,26262.928608570193,14.071391429806681,-14.321391429806681,-29.88278285961336,-1.0618275743617738,stop,3
2025-10-08,MNQ,1,845,845,26281.0,26265.921702998803,14.828297001196916,-15.078297001196916,-31.39659400239383,-1.0586716060468557,stop,1
2025-10-10,MNQ,1,650,655,26353.25,26325.265242393776,27.734757606223866,-27.984757606223866,-57.209515212447734,-1.0313685813430282,stop,2
2025-10-16,MNQ,1,620,640,26061.0,26165.417247478406,52.208623739203176,104.41724747840635,207.5944949568127,1.9881245672535426,tgt,5
2025-10-16,MNQ,1,655,665,26130.75,26080.62023315821,49.879766841790115,-50.129766841790115,-101.49953368358022,-1.0174419419954284,stop,3
2025-10-20,MNQ,1,680,955,26317.5,26299.5,30.335731689527165,-18.0,-37.24,-0.6137976229011876,eod,56
2025-10-23,MNQ,1,615,615,26129.75,26088.452624384212,41.04737561578804,-41.29737561578804,-83.83475123157608,-1.0211950212881666,stop,1
2025-10-23,MNQ,1,635,700,26156.25,26113.332489198187,42.66751080181348,-42.91751080181348,-87.07502160362695,-1.020390221591343,stop,14
2025-10-23,MNQ,1,710,815,26162.5,26244.09657844274,40.79828922136949,81.59657844273897,161.95315688547794,1.9848032843574417,tgt,22
2025-10-23,MNQ,1,820,950,26267.5,26237.609946941397,29.64005305860337,-29.89005305860337,-61.020106117206744,-1.0293521741772818,stop,27
2025-10-24,MNQ,1,700,955,26543.75,26510.91532670832,32.58467329167979,-32.83467329167979,-66.90934658335958,-1.026699669265125,stop,52
2025-10-27,MNQ,1,655,820,26889.0,26950.258540337323,30.629270168661606,61.25854033732321,121.27708067464643,1.979757924475969,tgt,34
2025-10-27,MNQ,1,845,945,26952.75,26977.90308906319,12.576544531595573,25.153089063191146,49.06617812638229,1.950701880119583,tgt,21
2025-10-28,MNQ,1,670,690,27082.25,27056.260423550986,25.73957644901384,-25.98957644901384,-53.21915289802768,-1.0338000899790771,stop,5
2025-10-28,MNQ,1,720,750,27090.0,27135.771737799558,22.88586889977887,45.77173779955774,90.30347559911549,1.972909046944423,tgt,7
2025-10-28,MNQ,1,755,830,27140.75,27190.32441753796,24.787208768979326,49.57441753795865,97.90883507591731,1.9749870989598508,tgt,16
2025-10-28,MNQ,1,840,890,27187.0,27225.765136317554,19.38256815877685,38.7651363175537,76.2902726351074,1.9680124947880424,tgt,11
2025-10-29,MNQ,1,615,645,27324.75,27295.239055722446,29.26094427755379,-29.51094427755379,-60.26188855510758,-1.029732464945343,stop,7
2025-10-29,MNQ,1,875,875,27307.25,27278.118989535054,28.881010464945575,-29.131010464945575,-59.50202092989115,-1.0301235997631026,stop,1
2025-10-31,MNQ,1,675,685,27203.75,27166.2865964532,37.21340354680069,-37.46340354680069,-76.16680709360138,-1.0233786731951529,stop,3
2025-11-03,MNQ,1,730,880,27152.75,27112.079045601717,40.42095439828336,-40.67095439828336,-82.58190879656671,-1.0215234898074783,stop,31
2025-11-03,MNQ,1,895,910,27148.75,27125.27569241397,23.2243075860315,-23.4743075860315,-48.188615172063,-1.0374607508437956,stop,4
2025-11-05,MNQ,1,620,690,26663.5,26764.275814995002,50.387907497501146,100.77581499500229,200.31162999000458,1.9876954604627954,tgt,15
2025-11-05,MNQ,1,735,810,26783.75,26855.38444560933,35.8172228046642,71.6344456093284,142.02889121865678,1.982689891860648,tgt,16
2025-11-05,MNQ,1,875,920,26887.0,26866.393869200092,20.356130799907987,-20.606130799907987,-42.45226159981598,-1.0427389668769438,stop,10
2025-11-07,MNQ,-1,625,655,25945.25,25805.468229168036,69.89088541598176,139.7817708319635,278.323541663927,1.9911290292531016,tgt,7
2025-11-07,MNQ,-1,685,790,25793.75,25853.76273086422,59.76273086421861,-60.01273086421861,-121.26546172843722,-1.014557567691755,stop,22
2025-11-18,MNQ,-1,625,660,25524.75,25349.396838778055,87.67658061097245,175.3531612219449,349.4663224438898,1.9929285563410486,tgt,8
2025-11-18,MNQ,-1,750,755,25505.0,25575.90516768841,70.65516768840826,-70.90516768840826,-143.05033537681652,-1.0123133243959839,stop,2
2025-11-25,MNQ,-1,605,605,25663.0,25729.454622124507,66.2046221245073,-66.4546221245073,-134.1492442490146,-1.013141076439706,stop,1
2025-11-25,MNQ,-1,625,625,25689.75,25762.516489548576,72.51648954857592,-72.76648954857592,-146.77297909715185,-1.0119972713160257,stop,1
2025-11-26,MNQ,1,650,680,26219.5,26315.1277914714,47.8138957357005,95.627791471401,190.01558294280198,1.987033058267681,tgt,7
2025-11-26,MNQ,1,725,785,26338.75,26305.032321279057,33.467678720942786,-33.717678720942786,-68.67535744188557,-1.025995229823202,stop,13
2025-11-26,MNQ,1,805,810,26341.75,26308.610255841624,32.889744158375834,-33.139744158375834,-67.51948831675166,-1.0264520148229381,stop,2
2025-11-26,MNQ,1,830,955,26322.25,26295.75,32.72690374136437,-26.5,-54.24,-0.8286760096318657,eod,26
2025-11-28,MNQ,1,615,775,26385.5,26453.56340079067,34.031700395335065,68.06340079067013,134.88680158134025,1.981781691987245,tgt,33
2025-12-02,MNQ,1,665,665,26661.25,26620.038636929403,40.961363070597145,-41.211363070597145,-83.66272614119428,-1.0212395275640742,stop,1
2025-12-02,MNQ,1,805,815,26580.75,26540.971372560514,39.52862743948572,-39.77862743948572,-80.79725487897143,-1.022009365271584,stop,3
2025-12-02,MNQ,1,835,955,26596.5,26611.25,36.364548882236704,14.75,28.26,0.38856524924202207,eod,25
2025-12-17,MNQ,-1,605,635,26050.0,25946.130591973706,51.934704013146984,103.86940802629397,206.49881605258793,1.9880619325404636,tgt,7
2025-12-17,MNQ,-1,675,685,25755.75,25818.76756413248,62.76756413247858,-63.01756413247858,-127.27512826495716,-1.0138606621433286,stop,3
2025-12-17,MNQ,-1,710,750,25750.75,25811.89797180317,60.89797180316964,-61.14797180316964,-123.53594360633927,-1.0142861900690545,stop,9
2025-12-17,MNQ,-1,775,780,25737.5,25790.117498555326,52.367498555326165,-52.617498555326165,-106.47499711065232,-1.0166133579796799,stop,2
2025-12-22,MNQ,1,740,760,26458.75,26438.034855843584,20.4651441564165,-20.7151441564165,-42.670288312833,-1.0425113057279505,stop,5
2025-12-22,MNQ,1,775,785,26466.25,26448.13329008581,17.866709914189414,-18.116709914189414,-37.47341982837883,-1.048693911983709,stop,3
2025-12-23,MNQ,1,635,660,26439.75,26496.51211764464,28.381058822320483,56.762117644640966,112.28423528928194,1.978154444346791,tgt,6
2025-12-23,MNQ,1,700,800,26489.25,26530.31884581801,20.534422909004206,41.06884581800841,80.89769163601683,1.9698067969697783,tgt,21
2025-12-23,MNQ,1,815,900,26530.5,26555.818037826386,12.659018913192995,25.31803782638599,49.39607565277198,1.9510230607718069,tgt,18
2025-12-26,MNQ,1,635,670,26648.75,26623.906432362597,24.593567637402884,-24.843567637402884,-50.92713527480577,-1.0353751034753034,stop,8
2025-12-26,MNQ,1,705,715,26642.5,26623.369533396028,18.88046660397231,-19.13046660397231,-39.50093320794462,-1.0460793696601205,stop,3
2025-12-26,MNQ,1,830,910,26639.75,26626.41019761271,13.089802387290547,-13.339802387290547,-27.919604774581092,-1.0664639521865296,stop,17
2025-12-30,MNQ,1,860,875,26492.75,26478.49846550959,14.00153449040954,-14.25153449040954,-29.74306898081908,-1.0621360466308827,stop,4
2026-01-07,MNQ,1,610,615,26610.25,26584.065501589408,25.934498410591914,-26.184498410591914,-53.60899682118383,-1.0335460507554943,stop,2
2026-01-07,MNQ,1,625,635,26612.5,26585.612211002892,26.637788997108146,-26.887788997108146,-55.015577994216294,-1.0326603683246554,stop,3
2026-01-07,MNQ,1,650,715,26653.75,26724.13400328027,35.19200164013455,70.3840032802691,139.5280065605382,1.9823823604482638,tgt,14
2026-01-07,MNQ,1,825,835,26727.0,26708.1155007501,18.634499249899818,-18.884499249899818,-39.00899849979964,-1.0466875974681573,stop,3
2026-01-09,MNQ,1,695,815,26610.25,26697.89430325533,43.822151627664425,87.64430325532885,174.0486065106577,1.9858519041860874,tgt,25
2026-01-09,MNQ,1,880,950,26716.75,26699.053201622537,17.446798377462983,-17.696798377462983,-36.63359675492597,-1.0498658826208382,stop,15
2026-01-16,MNQ,1,845,850,26490.25,26467.73711658742,22.262883412578958,-22.512883412578958,-46.26576682515792,-1.0390784959826198,stop,2
2026-01-20,MNQ,-1,605,620,26038.25,26085.571175070476,47.071175070475874,-47.321175070475874,-95.88235014095174,-1.0184826488545786,stop,4
2026-01-20,MNQ,-1,765,820,26029.5,25943.41874033019,43.040629834904394,86.08125966980879,170.92251933961757,1.9855950063375418,tgt,12
2026-01-20,MNQ,-1,845,870,25940.25,25874.54255948939,32.853720255305234,65.70744051061047,130.17488102122093,1.9811284690080149,tgt,6
2026-01-20,MNQ,-1,885,955,25882.5,25875.5,32.02298506772058,7.0,12.76,0.19923189504375996,eod,15
2026-01-23,MNQ,1,625,655,26497.25,26577.647374321175,40.198687160587724,80.39737432117545,159.5547486423509,1.98457661073549,tgt,7
2026-01-23,MNQ,1,750,760,26551.0,26520.01729685974,30.732703140260128,-30.982703140260128,-63.20540628052026,-1.0283086065039393,stop,3
2026-01-23,MNQ,1,800,825,26502.0,26466.300240963777,35.44975903622253,-35.69975903622253,-72.63951807244506,-1.0245417747159025,stop,6
2026-01-23,MNQ,1,845,905,26499.75,26467.7823309951,31.717669004898198,-31.967669004898198,-65.17533800979639,-1.0274295062435277,stop,13
2026-01-26,MNQ,1,615,685,26593.0,26656.674855640973,31.837427820486482,63.674855640972964,126.10971128194593,1.9805260649982206,tgt,15
2026-01-26,MNQ,1,710,915,26649.75,26620.98594814266,28.514051857338927,-28.764051857338927,-58.768103714677856,-1.0305112722791125,stop,42
2026-01-27,MNQ,1,635,780,26835.0,26801.24546135244,33.504538647561276,-33.754538647561276,-68.74907729512255,-1.0259666312421623,stop,30
2026-01-27,MNQ,1,800,910,26835.25,26871.51003445436,18.13001722718036,36.26003445436072,71.28006890872145,1.9658025697256096,tgt,23
2026-02-04,MNQ,-1,640,695,25936.0,25771.983352089686,82.00832395515681,164.01664791031362,326.79329582062724,1.9924397918394354,tgt,12
2026-02-04,MNQ,-1,720,745,25765.5,25622.116103330758,71.69194833462097,143.38389666924195,285.5277933384839,1.9913518879818113,tgt,6
2026-02-04,MNQ,-1,785,805,25587.5,25654.352031621984,66.60203162198377,-66.85203162198377,-134.94406324396755,-1.0130626645886405,stop,5
2026-02-05,MNQ,-1,640,685,25384.5,25479.554788106838,94.8047881068378,-95.0547881068378,-191.34957621367562,-1.0091767516954901,stop,10
2026-02-05,MNQ,-1,875,905,25441.25,25497.045327959684,55.54532795968407,-55.79532795968407,-112.83065591936814,-1.0156628834855645,stop,7
2026-02-12,MNQ,-1,620,620,25937.75,25988.74126339979,50.741263399788295,-50.991263399788295,-103.22252679957658,-1.0171458087896887,stop,1
2026-02-12,MNQ,-1,625,640,25961.0,25855.08765368611,52.956173156944715,105.91234631388943,210.58469262777885,1.9882922053645657,tgt,4
2026-02-12,MNQ,-1,705,755,25601.5,25659.900374854995,58.15037485499488,-58.40037485499488,-118.04074970998975,-1.014961210519613,stop,11
2026-02-12,MNQ,-1,775,820,25574.0,25629.512927820484,55.26292782048404,-55.51292782048404,-112.26585564096807,-1.0157429226845545,stop,10
2026-02-13,MNQ,-1,650,650,25458.5,25538.15892320691,79.4089232069091,-79.6589232069091,-160.5578464138182,-1.0109559475795071,stop,1
2026-02-17,MNQ,-1,775,775,25339.0,25399.386087832507,60.136087832506746,-60.386087832506746,-122.01217566501349,-1.0144671865323722,stop,1
2026-02-19,MNQ,-1,630,630,25583.5,25640.615561897666,56.86556189766634,-57.11556189766634,-115.47112379533267,-1.0152992421241809,stop,1
2026-02-19,MNQ,-1,655,655,25598.5,25653.817257269424,55.06725726942386,-55.31725726942386,-111.87451453884772,-1.0157988620305423,stop,1
2026-02-19,MNQ,-1,690,775,25598.5,25491.71415030158,53.39292484920952,106.78584969841904,212.33169939683808,1.9883879745911843,tgt,18
2026-02-19,MNQ,-1,800,825,25494.75,25541.680067704798,46.68006770479769,-46.93006770479769,-95.10013540959538,-1.0186375051017884,stop,6
2026-02-23,MNQ,-1,605,620,25591.5,25644.114979557315,52.364979557314655,-52.614979557314655,-106.4699591146293,-1.0166141571591327,stop,4
2026-02-23,MNQ,-1,625,650,25624.25,25521.6875686622,51.28121566889968,102.56243133779935,203.8848626755987,1.9879098029968112,tgt,6
2026-02-23,MNQ,-1,720,785,25456.0,25500.301603026848,44.05160302684817,-44.30160302684817,-89.84320605369633,-1.0197495650605441,stop,14
2026-02-23,MNQ,-1,835,880,25476.75,25411.20729548067,32.77135225966413,65.54270451932825,129.8454090386565,1.981081037026259,tgt,10
2026-02-27,MNQ,-1,765,915,25661.75,25709.68330209975,47.68330209975102,-47.93330209975102,-97.10660419950203,-1.0182453807032912,stop,31
2026-03-02,MNQ,-1,690,695,25592.0,25649.910893063072,57.66089306307185,-57.91089306307185,-117.0617861261437,-1.015088215838911,stop,2
2026-03-03,MNQ,-1,645,660,25126.25,25206.49368464079,79.99368464079089,-80.24368464079089,-161.7273692815818,-1.010875858561919,stop,4
2026-03-05,MNQ,1,610,620,25879.25,25832.73536619045,46.264633809551015,-46.514633809551015,-94.26926761910202,-1.0188048608269842,stop,3
2026-03-06,MNQ,-1,610,610,25395.25,25473.959783106897,78.4597831068968,-78.7097831068968,-158.6595662137936,-1.0110884833675193,stop,1
2026-03-06,MNQ,-1,780,790,25507.5,25560.16641107679,52.41641107678879,-52.66641107678879,-106.57282215357758,-1.0165978551779418,stop,3
2026-03-06,MNQ,-1,865,870,25516.5,25562.197724097965,45.447724097964965,-45.697724097964965,-92.63544819592992,-1.0191428727679448,stop,2
2026-03-09,MNQ,-1,610,620,25097.0,25173.404884362746,76.15488436274609,-76.40488436274609,-154.04976872549219,-1.0114240866791415,stop,3
2026-03-10,MNQ,-1,610,620,25627.5,25694.92573166772,67.17573166772127,-67.42573166772127,-136.09146333544254,-1.0129511056805958,stop,3
2026-03-12,MNQ,-1,620,670,25399.75,25284.47245226839,57.63877386580498,115.27754773160996,229.3150954632199,1.9892433520282111,tgt,11
2026-03-12,MNQ,-1,730,730,25314.75,25373.927717007304,58.92771700730373,-59.17771700730373,-119.59543401460745,-1.01476385042869,stop,1
2026-03-12,MNQ,-1,750,755,25358.0,25418.549543821468,60.29954382146752,-60.54954382146752,-122.33908764293504,-1.0144279698462704,stop,2
2026-03-12,MNQ,-1,770,785,25380.0,25438.884378151943,58.634378151942656,-58.884378151942656,-119.0087563038853,-1.0148377117217056,stop,4
2026-03-18,MNQ,-1,605,605,25444.0,25480.42977938157,36.17977938157128,-36.42977938157128,-74.09955876314255,-1.0240465811254544,stop,1
2026-03-18,MNQ,-1,615,625,25395.75,25313.883849841986,40.93307507900681,81.86615015801362,162.49230031602724,1.9848533246328717,tgt,3
2026-03-18,MNQ,-1,725,780,25394.0,25325.724754266863,34.13762286656856,68.27524573313713,135.31049146627424,1.9818382198894353,tgt,12
2026-03-18,MNQ,-1,810,815,25332.25,25360.95067419497,28.450674194969906,-28.700674194969906,-58.641348389939814,-1.0305792401978937,stop,2
2026-03-19,MNQ,-1,625,630,24937.0,24997.42558446657,60.17558446657131,-60.42558446657131,-122.09116893314261,-1.0144576909009217,stop,2
2026-03-19,MNQ,-1,685,720,24952.5,25011.766832060144,59.016832060144225,-59.266832060144225,-119.77366412028844,-1.0147415571054945,stop,8
2026-03-19,MNQ,-1,755,850,24952.5,25000.12469957134,47.3746995713409,-47.6246995713409,-96.48939914268179,-1.018364232551805,stop,20
2026-03-19,MNQ,-1,880,895,24938.0,24976.340159268024,38.090159268023854,-38.340159268023854,-77.9203185360477,-1.0228405450835263,stop,4
2026-03-20,MNQ,-1,640,720,24778.25,24835.60177891501,57.10177891501007,-57.35177891501007,-115.94355783002014,-1.0152359526538552,stop,17
2026-03-20,MNQ,-1,750,810,24796.0,24707.486945239776,44.25652738011195,88.5130547602239,175.78610952044778,1.9859907670867412,tgt,13
2026-03-20,MNQ,-1,840,860,24700.0,24625.809499246592,37.095250376703916,74.19050075340783,147.14100150681566,1.9832862699751619,tgt,5
2026-03-20,MNQ,-1,865,865,24610.0,24647.355271051714,37.105271051714226,-37.355271051714226,-75.95054210342845,-1.0234468035225364,stop,1
2026-03-24,MNQ,-1,630,645,24692.75,24753.540860725843,60.54086072584323,-60.79086072584323,-122.82172145168646,-1.0143704597121563,stop,4
2026-03-24,MNQ,-1,760,765,24739.0,24788.02739273035,48.777392730349675,-49.027392730349675,-99.29478546069934,-1.0178361316852156,stop,2
2026-03-24,MNQ,-1,785,840,24709.5,24758.09967336718,48.349673367178184,-48.599673367178184,-98.43934673435636,-1.017993916802561,stop,12
2026-03-26,MNQ,-1,630,640,24659.0,24714.527987997564,55.277987997564196,-55.527987997564196,-112.29597599512839,-1.0157386336137693,stop,3
2026-03-26,MNQ,-1,645,745,24609.75,24494.288272863952,57.73086356802378,115.46172713604756,229.6834542720951,1.9892605105539525,tgt,21
2026-03-26,MNQ,-1,785,825,24470.5,24394.051394814385,38.22430259280736,76.44860518561472,151.65721037122944,1.983779952597051,tgt,9
2026-03-26,MNQ,-1,870,880,24330.0,24362.090912414344,31.84091241434362,-32.09091241434362,-65.42182482868724,-1.0273233376191846,stop,3
2026-03-27,MNQ,-1,625,680,23980.25,24034.63019586189,54.13019586188966,-54.38019586188966,-110.00039172377932,-1.0160723600967518,stop,12
2026-03-27,MNQ,-1,730,800,23979.0,23886.943857646285,46.02807117685734,92.05614235371468,182.87228470742934,1.9865299591282517,tgt,15
2026-03-27,MNQ,-1,865,880,23823.25,23855.130940145744,31.630940145743807,-31.880940145743807,-65.00188029148761,-1.0275047151931418,stop,4
2026-03-27,MNQ,-1,890,945,23820.5,23759.22662372994,30.636688135029544,61.27337627005909,121.30675254011818,1.979762825626994,tgt,12
2026-03-30,MNQ,-1,645,645,23743.25,23793.382512267697,49.882512267697166,-50.132512267697166,-101.50502453539433,-1.0174409820285533,stop,1
2026-03-30,MNQ,-1,650,655,23777.25,23830.569475677148,53.06947567714815,-53.31947567714815,-107.87895135429629,-1.0163936045890618,stop,2
2026-03-30,MNQ,-1,760,795,23779.0,23694.902069795033,42.048965102483635,84.09793020496727,166.95586040993453,1.9852552851541314,tgt,8
2026-03-30,MNQ,-1,825,865,23696.5,23621.490781445747,37.50460927712629,75.00921855425258,148.77843710850516,1.9834686985959846,tgt,9
2026-04-08,MNQ,1,745,855,25592.5,25554.09079515848,38.15920484151866,-38.40920484151866,-78.05840968303731,-1.0227992172167435,stop,23
2026-04-10,MNQ,1,660,695,25864.25,25826.419615390423,37.58038460957687,-37.83038460957687,-76.90076921915373,-1.0231503750969673,stop,8
2026-04-13,MNQ,1,625,745,25806.75,25883.805172452732,38.52758622636611,77.05517245273222,152.87034490546444,1.983907634484101,tgt,25
2026-04-13,MNQ,1,765,895,25893.25,25966.66494393529,36.70747196764569,73.41494393529138,145.58988787058274,1.9831097058237495,tgt,27
2026-04-14,MNQ,1,680,700,26331.25,26388.672716649053,28.711358324526373,57.422716649052745,113.6054332981055,1.97840575868992,tgt,5
2026-04-14,MNQ,1,785,800,26439.5,26480.30800936518,20.404004682590312,40.808009365180624,80.37601873036125,1.969613808188889,tgt,4
2026-04-15,MNQ,1,670,705,26679.5,26742.979812973266,31.739906486633117,63.479812973266235,125.71962594653247,1.9804662310438406,tgt,8
2026-04-15,MNQ,1,720,740,26725.75,26779.43825016822,26.84412508410969,53.68825016821938,106.13650033643877,1.9769036987401387,tgt,5
2026-04-15,MNQ,1,750,750,26745.75,26719.676839010648,25.82316098935189,-26.07316098935189,-53.38632197870378,-1.0336906856739476,stop,1
2026-04-15,MNQ,1,795,840,26699.5,26758.099230086635,29.299615043317317,58.599230086634634,115.95846017326927,1.97883931242498,tgt,10
2026-04-17,MNQ,1,625,640,27278.5,27367.063324453462,44.28166222673099,88.56332445346197,175.88664890692394,1.9859987189092976,tgt,4
2026-04-17,MNQ,1,685,715,27380.75,27339.252386722863,41.247613277137134,-41.497613277137134,-84.23522655427426,-1.021092129480428,stop,7
2026-04-17,MNQ,1,740,800,27378.25,27340.466462959386,37.53353704061374,-37.78353704061374,-76.80707408122747,-1.0231792702898903,stop,13
2026-04-17,MNQ,1,830,845,27359.75,27324.955266292458,34.544733707542036,-34.794733707542036,-70.82946741508407,-1.0251847360401,stop,4
2026-04-21,MNQ,1,625,645,27369.25,27334.62397934798,34.37602065202009,-34.62602065202009,-70.49204130404017,-1.0253083394615914,stop,5
2026-04-22,MNQ,1,655,945,27513.25,27610.89760440065,48.82380220032428,97.64760440064856,194.0552088012971,1.9873012757700406,tgt,59
2026-04-24,MNQ,1,640,700,27782.0,27903.666857088618,60.833428544308845,121.66685708861769,242.09371417723537,1.989808235129335,tgt,13
2026-04-24,MNQ,1,705,955,27938.5,27986.75,48.93732879083109,48.25,95.26,0.9732856528312182,eod,51
2026-04-29,MNQ,1,605,625,27751.5,27816.07460521217,32.28730260608427,64.57460521216854,127.90921042433708,1.9807974048633235,tgt,5
2026-04-29,MNQ,1,695,710,27838.25,27805.27029990607,32.72970009392884,-32.97970009392884,-67.19940018785768,-1.0265813618060429,stop,4
2026-04-29,MNQ,1,830,840,27786.75,27758.393648832443,28.106351167556568,-28.356351167556568,-57.95270233511314,-1.0309538578954442,stop,3
2026-04-29,MNQ,1,890,910,27789.5,27865.727731238767,38.11386561938343,76.22773123876686,151.21546247753372,1.9837329541382258,tgt,5
2026-05-01,MNQ,1,675,955,28399.0,28399.5,43.99961145652924,0.5,-0.24,-0.0027272968107583785,eod,57
2026-05-04,MNQ,1,605,605,28433.0,28397.3845582977,35.365441702298995,-35.615441702298995,-72.47088340459798,-1.0246002865544146,stop,1
2026-05-04,MNQ,1,615,660,28455.75,28416.50632832812,38.99367167188029,-39.24367167188029,-79.72734334376058,-1.0223113126489032,stop,10
2026-05-05,MNQ,1,625,955,28675.75,28702.75,46.78534535070867,27.0,52.76,0.5638517745728346,eod,67
2026-05-06,MNQ,1,610,615,29052.0,28998.973302617786,52.77669738221448,-53.02669738221448,-107.29339476442895,-1.0164845479757736,stop,2
2026-05-06,MNQ,1,635,730,29060.0,29168.24610672315,54.12305336157442,108.24610672314884,215.25221344629767,1.9885446226424435,tgt,20
2026-05-06,MNQ,1,740,765,29147.75,29114.988289049656,32.51171095034442,-32.76171095034442,-66.76342190068884,-1.026759588301236,stop,6
2026-05-06,MNQ,1,835,870,29173.5,29221.675586048637,24.08779302431867,48.17558604863734,95.11117209727469,1.97426082167951,tgt,8
2026-05-07,MNQ,1,705,710,29463.0,29427.207313704097,35.54268629590297,-35.79268629590297,-72.82537259180593,-1.0244776096200776,stop,2
2026-05-08,MNQ,1,635,730,29706.0,29813.574616610305,53.78730830515269,107.57461661030538,213.90923322061076,1.9884731171806824,tgt,20
2026-05-08,MNQ,1,735,785,29809.0,29883.16576435953,37.082882179765875,74.16576435953175,147.0915287190635,1.983280695470367,tgt,11
2026-05-08,MNQ,1,855,885,29879.5,29850.82011992001,28.429880079991563,-28.679880079991563,-58.59976015998313,-1.0306016063927155,stop,7
2026-05-14,MNQ,1,605,605,30193.5,30143.600168716006,49.64983128399399,-49.89983128399399,-101.03966256798797,-1.0175227181543407,stop,1
2026-05-14,MNQ,1,630,650,30220.25,30320.692529738088,50.22126486904381,100.44252973808761,199.64505947617522,1.9876546319250081,tgt,5
2026-05-14,MNQ,1,665,685,30281.0,30372.189265938767,45.59463296938338,91.18926593876677,181.13853187753352,1.9864019083031914,tgt,5
2026-05-14,MNQ,1,700,750,30342.25,30301.73543537659,40.26456462340866,-40.51456462340866,-82.26912924681731,-1.021607088221046,stop,11
2026-05-18,MNQ,1,615,625,29850.5,29781.12625728926,69.12374271074077,-69.37374271074077,-139.98748542148155,-1.0125861240419325,stop,3
2026-05-20,MNQ,1,620,675,29756.5,29915.778413685854,79.6392068429268,159.2784136858536,317.3168273717072,1.9922148898189953,tgt,12
2026-05-20,MNQ,1,720,735,29924.0,29868.625506188677,55.12449381132319,-55.37449381132319,-111.98898762264638,-1.0157824578485524,stop,4
2026-05-20,MNQ,1,775,935,29859.5,29955.11094363305,47.805471816525824,95.61094363305165,189.98188726610329,1.9870307733311465,tgt,33
2026-05-22,MNQ,1,690,705,30307.75,30264.338506131266,43.1614938687344,-43.4114938687344,-88.06298773746879,-1.020156855614078,stop,4
2026-05-22,MNQ,1,715,735,30285.75,30246.986245885262,38.51375411473782,-38.76375411473782,-78.76750822947564,-1.0225893325643651,stop,5
2026-05-22,MNQ,1,775,805,30265.5,30329.836573412693,32.16828670634641,64.33657341269281,127.43314682538563,1.9807263592972864,tgt,7
2026-05-22,MNQ,1,810,810,30336.75,30301.68650913308,34.81349086691989,-35.06349086691989,-71.36698173383978,-1.024990312040976,stop,1
2026-05-26,MNQ,1,795,870,30593.0,30662.619395604277,34.809697802138544,69.61939560427709,137.99879120855417,1.982188871517238,tgt,16
2026-05-29,MNQ,1,700,705,31024.5,30976.025509930896,48.22449006910392,-48.47449006910392,-98.18898013820784,-1.0180406262202735,stop,2
2026-05-29,MNQ,1,725,800,31020.0,30973.272340782063,46.47765921793689,-46.72765921793689,-94.69531843587377,-1.0187186707471758,stop,16
2026-06-02,MNQ,1,605,625,31223.0,31180.45687315292,42.29312684707838,-42.54312684707838,-86.32625369415676,-1.0205707183378923,stop,5
2026-06-02,MNQ,1,670,815,31273.0,31232.050499414647,40.699500585353235,-40.949500585353235,-83.13900117070646,-1.0213761836751651,stop,30
2026-06-02,MNQ,1,850,875,31262.5,31238.036824639075,24.21317536092465,-24.46317536092465,-50.166350721849305,-1.0359308511598198,stop,6
2026-06-02,MNQ,1,900,920,31257.25,31303.529240434407,23.13962021720363,46.27924043440726,91.31848086881452,1.9732061289606195,tgt,5
2026-06-10,MNQ,-1,650,670,29625.5,29364.80745392428,130.34627303785965,260.6925460757193,520.1450921514386,1.9952434389910028,tgt,5
2026-06-10,MNQ,-1,690,915,29372.0,29116.851787862033,127.57410606898338,255.14821213796677,509.0564242759335,1.995140079604675,tgt,46
2026-06-15,MNQ,1,700,955,31156.0,31187.75,53.18636933586458,31.75,62.26,0.5853003389537336,eod,52
2026-06-17,MNQ,1,695,780,30742.0,30672.00726962285,69.74273037715102,-69.99273037715102,-141.22546075430205,-1.012474418413149,stop,18
2026-06-17,MNQ,1,835,840,30757.25,30716.095528546608,40.904471453392034,-41.154471453392034,-83.54894290678406,-1.0212690683704666,stop,2
2026-06-18,MNQ,1,630,945,30832.25,31063.699140815632,115.72457040781592,231.44914081563184,461.65828163126366,1.9946424514879155,tgt,64
2026-06-25,MNQ,-1,605,610,29787.0,29942.296259112944,155.04625911294352,-155.29625911294352,-311.83251822588704,-1.0056112285777,stop,2
2026-06-26,MNQ,-1,675,680,29745.5,29841.40171463647,95.6517146364713,-95.9017146364713,-193.0434292729426,-1.0090954982177422,stop,2
2026-06-30,MNQ,1,645,645,30722.75,30663.731023989498,58.76897601050223,-59.01897601050223,-119.27795202100445,-1.0148037290941487,stop,1
2026-06-30,MNQ,1,680,725,30690.75,30805.834223080514,57.54211154025688,115.08422308051377,228.92844616102752,1.9892252824339571,tgt,10
2026-06-30,MNQ,1,755,785,30797.75,30871.89551027087,37.07275513543573,74.14551027087145,147.0510205417429,1.9832761283121527,tgt,7
2026-06-30,MNQ,1,800,830,30854.75,30824.683483135985,29.816516864015284,-30.066516864015284,-61.37303372803057,-1.0291784585023067,stop,7
2026-07-02,MNQ,1,615,615,30524.25,30452.575792564367,71.42420743563343,-71.67420743563343,-144.58841487126688,-1.012180744193543,stop,1
2026-07-08,MNQ,-1,615,620,29570.0,29638.69464255926,68.44464255926141,-68.69464255926141,-138.62928511852283,-1.0127110021686025,stop,2
2026-07-08,MNQ,-1,625,650,29611.5,29467.23321844372,72.13339077814089,144.26678155628179,287.29356311256356,1.9914048127599198,tgt,6
2026-07-08,MNQ,-1,655,680,29542.75,29380.005237292593,81.37238135370353,162.74476270740706,324.2495254148141,1.9923807071922224,tgt,6
2026-07-08,MNQ,-1,700,730,29403.75,29478.869579533166,74.86957953316596,-75.11957953316596,-151.47915906633193,-1.0116202068373392,stop,7
2026-07-16,MNQ,-1,655,660,29689.75,29757.55655021901,67.55655021901111,-67.80655021901111,-136.85310043802224,-1.0128780998612208,stop,2
2026-07-16,MNQ,-1,720,740,29692.0,29569.29094101688,61.35452949156024,122.70905898312049,244.17811796624096,1.9898947966003833,tgt,5
2026-07-16,MNQ,-1,755,880,29612.0,29501.84120312843,55.07939843578424,110.15879687156848,219.07759374313696,1.9887435226671393,tgt,26
2026-07-16,MNQ,-1,890,915,29542.5,29456.586596617242,42.95670169137884,85.91340338275768,170.58680676551535,1.985566862082327,tgt,6
2026-07-17,MNQ,-1,685,690,28984.25,29068.61126001647,84.11126001647062,-84.36126001647062,-169.96252003294126,-1.010343442718961,stop,2
2026-07-22,MNQ,-1,645,655,29483.25,29531.97408108874,48.474081088741514,-48.724081088741514,-98.68816217748302,-1.017947735789097,stop,3
2026-07-22,MNQ,-1,850,955,29544.0,29488.61187633602,27.69406183198953,55.38812366397906,109.53624732795812,1.9776125292215592,tgt,22
2026-07-23,MNQ,-1,625,665,29001.0,28839.92166019814,80.53916990093057,161.07833980186115,320.9166796037223,1.9923018824161876,tgt,9
2026-07-23,MNQ,-1,685,715,28793.75,28870.681206864378,76.6812068643776,-76.9312068643776,-155.1024137287552,-1.0113456743258975,stop,7
2026-07-23,MNQ,-1,785,800,28906.75,28959.769725004877,52.76972500487682,-53.01972500487682,-107.27945000975363,-1.0164867260520989,stop,4
2026-07-23,MNQ,-1,830,895,28912.75,28816.777912159938,47.98604392003108,95.97208784006216,190.7041756801243,1.9870795766987328,tgt,14
2026-07-24,MNQ,-1,610,635,28717.5,28581.10028485398,68.19985757301038,136.39971514602075,271.5594302920415,1.9909090719238487,tgt,6
2026-07-24,MNQ,-1,900,915,28589.75,28504.300510814268,42.724744592866045,85.44948918573209,169.65897837146417,1.985488503069869,tgt,4
2026-07-28,MNQ,-1,635,635,27960.5,28042.771646301688,82.02164630168772,-82.27164630168772,-165.78329260337546,-1.0106069560808377,stop,1
2026-07-29,MNQ,-1,610,625,28008.75,27865.136471608006,71.80676419599695,143.6135283919939,285.9870567839878,1.9913657159330045,tgt,4
2026-07-29,MNQ,-1,680,730,27842.75,27699.07314311369,71.83842844315586,143.67685688631173,286.11371377262344,1.9913695216691636,tgt,11
2026-08-04,MNQ,1,880,900,30164.0,30220.75176625383,28.37588312691514,56.75176625383028,112.26353250766057,1.9781504597680022,tgt,5
2026-08-07,MNQ,1,715,740,30119.5,30067.556496990186,51.69350300981387,-51.94350300981387,-105.12700601962773,-1.0168299679716972,stop,6
2026-08-07,MNQ,1,790,850,30068.25,30025.834568974733,42.165431025267026,-42.415431025267026,-86.07086205053405,-1.0206330156918986,stop,13
2026-08-12,MNQ,1,610,630,30226.25,30168.097082074477,57.90291792552307,-58.15291792552307,-117.54583585104614,-1.015025149529062,stop,5
2026-08-12,MNQ,1,645,650,30230.25,30171.3178546669,58.68214533309947,-58.93214533309947,-119.10429066619893,-1.0148256338458927,stop,2
2026-08-12,MNQ,1,795,910,30216.25,30188.531662258592,27.468337741407595,-27.718337741407595,-56.67667548281519,-1.031672830303397,stop,24
2026-08-13,MNQ,1,655,685,30534.75,30499.10190250754,35.39809749245978,-35.64809749245978,-72.53619498491956,-1.0245775920636786,stop,7
2026-08-13,MNQ,1,730,795,30472.0,30544.94037243702,36.47018621851021,72.94037243702041,144.64074487404082,1.9829998126062398,tgt,14
2026-08-13,MNQ,1,875,905,30524.25,30565.14937649072,20.44968824536045,40.8993764907209,80.5587529814418,1.9696816893949147,tgt,7
2026-08-14,MNQ,1,605,610,30563.25,30527.86526713183,35.13473286816952,-35.38473286816952,-72.00946573633904,-1.0247618219630232,stop,2
2026-08-17,MNQ,1,615,615,30533.0,30495.964523983734,36.78547601626633,-37.03547601626633,-75.31095203253265,-1.023650638627465,stop,1
2026-08-17,MNQ,1,650,665,30524.0,30591.264347216078,33.63217360803901,67.26434721607802,133.28869443215603,1.9815652711827163,tgt,4
2026-08-21,MNQ,-1,605,660,29589.75,29635.587220038004,45.58722003800358,-45.83722003800358,-92.91444007600715,-1.0190842959775728,stop,12
2026-08-24,MNQ,-1,625,630,29297.0,29349.680927010395,52.43092701039495,-52.68092701039495,-106.6018540207899,-1.016593259925149,stop,2
2026-09-04,MNQ,1,615,615,29950.75,29914.879067884565,35.6209321154347,-35.8709321154347,-72.98186423086939,-1.0244238414980449,stop,1
2026-09-09,MNQ,1,605,615,29879.75,29839.22968445375,40.27031554625137,-40.52031554625137,-82.28063109250273,-1.021604002556195,stop,3
2026-09-14,MNQ,-1,665,665,29281.0,29327.672350361223,46.422350361222925,-46.672350361222925,-94.58470072244585,-1.0187409726829928,stop,1
2026-09-15,MNQ,-1,670,955,29273.5,29251.75,33.11442364179675,21.75,42.26,0.6380905260066158,eod,58
2026-09-18,MNQ,1,655,670,29763.75,29730.996106260518,32.50389373948201,-32.75389373948201,-66.74778747896401,-1.026766024002325,stop,4
2026-09-18,MNQ,1,860,885,29764.75,29795.31614358852,15.28307179425974,30.56614358851948,59.89228717703896,1.9594322392548813,tgt,6
2026-09-21,MNQ,1,725,750,30630.5,30687.616233989625,28.558116994812735,57.11623398962547,112.99246797925095,1.978289885144997,tgt,6
2026-09-21,MNQ,1,775,825,30674.5,30724.399587059044,24.94979352952214,49.89958705904428,98.55917411808856,1.9751500949590475,tgt,11
2026-09-21,MNQ,1,880,910,30763.0,30801.566315828095,19.28315791404748,38.56631582809496,75.89263165618992,1.9678475899661467,tgt,7
2026-09-22,MNQ,1,640,640,30944.25,30906.81976755025,37.1802324497512,-37.4302324497512,-76.1004648995024,-1.0233995309517172,stop,1
2026-09-22,MNQ,1,675,695,30938.5,30900.884102029402,37.36589797059787,-37.61589797059787,-76.47179594119574,-1.023283262205677,stop,5
2026-09-22,MNQ,1,730,745,30927.5,30896.805592820037,30.44440717996258,-30.69440717996258,-62.628814359925165,-1.0285766773140719,stop,4
2026-09-22,MNQ,1,755,830,30919.75,30975.535106373347,27.892553186673467,55.785106373346935,110.33021274669387,1.9777718448415034,tgt,16
2026-09-25,MNQ,1,660,695,30823.75,30772.09281795414,51.40718204585937,-51.65718204585937,-104.55436409171874,-1.0169237053146365,stop,8
2026-09-25,MNQ,1,720,955,30856.75,30891.25,50.1887776941403,34.5,67.76,0.6750513074151954,eod,48
2026-09-29,MNQ,1,615,680,30628.5,30581.045524338853,47.20447566114672,-47.45447566114672,-96.14895132229343,-1.018430455752654,stop,14
2026-09-29,MNQ,1,880,940,30641.75,30605.834422642703,35.66557735729657,-35.91557735729657,-73.07115471459313,-1.0243932683686672,stop,13
2026-09-30,MNQ,1,650,795,30851.5,30803.461786132477,47.788213867523154,-48.038213867523154,-97.3164277350463,-1.0182053257401873,stop,30
2026-09-30,MNQ,1,830,845,30856.75,30825.020521061102,31.479478938897955,-31.729478938897955,-64.6989578777959,-1.0276370521154012,stop,4
2026-09-30,MNQ,1,850,865,30844.0,30815.14582731222,28.6041726877811,-28.8541726877811,-58.948345375562205,-1.0304151429057635,stop,4
2026-10-01,MNQ,1,640,650,30718.25,30648.086362360435,69.91363763956542,-70.16363763956542,-141.56727527913085,-1.0124439240951133,stop,3
2026-10-01,MNQ,1,870,955,30800.75,30750.45131957879,50.0486804212087,-50.2986804212087,-101.8373608424174,-1.0173830756910691,stop,18
2026-10-02,MNQ,1,645,650,31241.0,31186.697435790717,54.052564209283446,-54.302564209283446,-109.84512841856689,-1.0160954436246814,stop,2
2026-10-05,MNQ,1,610,660,31177.25,31253.82170223305,38.28585111652501,76.57170223305002,151.90340446610003,1.983806028025523,tgt,11
2026-10-05,MNQ,1,675,820,31227.5,31294.299045911008,33.399522955503926,66.79904591100785,132.3580918220157,1.9814368606154646,tgt,30
2026-10-05,MNQ,1,825,840,31311.0,31289.75031473936,20.999685260638216,-21.249685260638216,-43.739370521276435,-1.0414291923522647,stop,4
2026-10-05,MNQ,1,845,845,31294.0,31275.065382634082,18.684617365917802,-18.934617365917802,-39.109234731835606,-1.046562366408795,stop,1
2026-10-06,MNQ,1,625,625,31541.75,31504.66004176974,36.83995823025907,-37.08995823025907,-75.41991646051814,-1.0236156619549424,stop,1
2026-10-06,MNQ,1,645,735,31573.0,31534.26069093569,38.489309064309055,-38.739309064309055,-78.7186181286181,-1.0226036793371993,stop,19
2026-10-06,MNQ,1,845,860,31554.25,31533.122931805592,20.87706819440791,-21.12706819440791,-43.494136388815825,-1.0416725179943147,stop,4
