strategy,cfg,params,sym,part,n,tpd,win,avgR,pf,net,dd,sharpe,posm,tgt_rate
Confluence,Confluence#0,"{'trig': 'align', 'k': 1.0, 'mx': 2, 'last_entry': 900, 'max_bars': 999}",MNQ,ALL,226,0.8129496402877698,0.3407079646017699,-0.01847333760225114,0.9002677924267043,-1469.3670896838264,3065.50941285683,-0.666921541158144,0.2857142857142857,0.3141592920353982
Confluence,Confluence#0,"{'trig': 'align', 'k': 1.0, 'mx': 2, 'last_entry': 900, 'max_bars': 999}",MNQ,IS,136,0.8095238095238095,0.3161764705882353,-0.08013210747982734,0.7834425194365205,-1826.991361938367,3065.50941285683,-1.5711814472089973,0.25,0.3014705882352941
Confluence,Confluence#0,"{'trig': 'align', 'k': 1.0, 'mx': 2, 'last_entry': 900, 'max_bars': 999}",MNQ,OOS,90,0.8181818181818182,0.37777777777777777,0.07469991465719726,1.056796357204352,357.62427225454087,1440.4374006348276,0.3511233636543443,0.3333333333333333,0.3333333333333333
Confluence,Confluence#0,"{'trig': 'align', 'k': 1.0, 'mx': 2, 'last_entry': 900, 'max_bars': 999}",MES,ALL,234,0.841726618705036,0.3333333333333333,-0.09726807443907069,0.8505198992991506,-1073.9504805175463,1626.0365614105417,-0.991599067280007,0.2857142857142857,0.2905982905982906
Confluence,Confluence#0,"{'trig': 'align', 'k': 1.0, 'mx': 2, 'last_entry': 900, 'max_bars': 999}",MES,IS,138,0.8214285714285714,0.3188405797101449,-0.13628823763954098,0.7676093209891127,-1016.0571115238047,1626.0365614105417,-1.5916996556549436,0.25,0.2753623188405797
Confluence,Confluence#0,"{'trig': 'align', 'k': 1.0, 'mx': 2, 'last_entry': 900, 'max_bars': 999}",MES,OOS,96,0.8727272727272727,0.3541666666666667,-0.04117658983839464,0.9794147955335119,-57.89336899374132,617.0266040522595,-0.13005210754180854,0.3333333333333333,0.3125
Confluence,Confluence#0,"{'trig': 'align', 'k': 1.0, 'mx': 2, 'last_entry': 900, 'max_bars': 999}",MGC,ALL,240,0.8727272727272727,0.30416666666666664,-0.1462899635699653,0.7848804613173476,-3282.7087888683086,3960.5391989124855,-1.5824480923038995,0.35714285714285715,0.2791666666666667
Confluence,Confluence#0,"{'trig': 'align', 'k': 1.0, 'mx': 2, 'last_entry': 900, 'max_bars': 999}",MGC,IS,157,0.9401197604790419,0.28662420382165604,-0.18680619037407759,0.7244044654670776,-3000.1031861911506,3367.6712201657333,-2.238533296697576,0.375,0.267515923566879
Confluence,Confluence#0,"{'trig': 'align', 'k': 1.0, 'mx': 2, 'last_entry': 900, 'max_bars': 999}",MGC,OOS,83,0.7685185185185185,0.3373493975903614,-0.06965083575977701,0.9353902074703342,-282.60560267715647,1262.7809048010472,-0.38909873335546535,0.3333333333333333,0.30120481927710846
Confluence,Confluence#1,"{'trig': 'align', 'k': 1.0, 'mx': 2, 'last_entry': 720, 'max_bars': 999}",MNQ,ALL,192,0.6906474820143885,0.3125,-0.0951547536913533,0.8126324661648859,-2531.418062859854,2889.9880723829942,-1.2301354733950174,0.2857142857142857,0.2916666666666667
Confluence,Confluence#1,"{'trig': 'align', 'k': 1.0, 'mx': 2, 'last_entry': 720, 'max_bars': 999}",MNQ,IS,114,0.6785714285714286,0.30701754385964913,-0.10359282600222348,0.7419663060192028,-1914.903265839741,2889.9880723829942,-1.7896378696825852,0.25,0.2982456140350877
Confluence,Confluence#1,"{'trig': 'align', 'k': 1.0, 'mx': 2, 'last_entry': 720, 'max_bars': 999}",MNQ,OOS,78,0.7090909090909091,0.32051282051282054,-0.08282218646777374,0.8987544850849736,-616.5147970201137,2117.6306087983926,-0.6386437941930141,0.3333333333333333,0.28205128205128205
Confluence,Confluence#1,"{'trig': 'align', 'k': 1.0, 'mx': 2, 'last_entry': 720, 'max_bars': 999}",MES,ALL,190,0.6834532374100719,0.32105263157894737,-0.10050896994046302,0.8711361590233949,-790.6547488442679,1266.1438438830126,-0.7770861102666373,0.35714285714285715,0.3
Confluence,Confluence#1,"{'trig': 'align', 'k': 1.0, 'mx': 2, 'last_entry': 720, 'max_bars': 999}",MES,IS,107,0.6369047619047619,0.308411214953271,-0.12701453751818034,0.8134962109113076,-664.3131487267599,1188.7750830376076,-1.1039928129337788,0.375,0.2897196261682243
Confluence,Confluence#1,"{'trig': 'align', 'k': 1.0, 'mx': 2, 'last_entry': 720, 'max_bars': 999}",MES,OOS,83,0.7545454545454545,0.3373493975903614,-0.06633914185834548,0.9509096449645763,-126.34160011750825,655.2574032876333,-0.3030282074877784,0.3333333333333333,0.3132530120481928
Confluence,Confluence#1,"{'trig': 'align', 'k': 1.0, 'mx': 2, 'last_entry': 720, 'max_bars': 999}",MGC,ALL,199,0.7236363636363636,0.31155778894472363,-0.12252275973640048,0.8265678589509181,-2262.7885272429266,3051.7874563056075,-1.1685237064994842,0.35714285714285715,0.2914572864321608
Confluence,Confluence#1,"{'trig': 'align', 'k': 1.0, 'mx': 2, 'last_entry': 720, 'max_bars': 999}",MGC,IS,125,0.7485029940119761,0.304,-0.1365205556732922,0.784489018889255,-1920.0907809107364,2412.6972205235425,-1.588016949635893,0.375,0.288
Confluence,Confluence#1,"{'trig': 'align', 'k': 1.0, 'mx': 2, 'last_entry': 720, 'max_bars': 999}",MGC,OOS,74,0.6851851851851852,0.32432432432432434,-0.09887783416732655,0.9171753872728933,-342.6977463321906,1180.7179801313982,-0.47051811238478053,0.3333333333333333,0.2972972972972973
Confluence,Confluence#2,"{'trig': 'align', 'k': 1.0, 'mx': 4, 'last_entry': 900, 'max_bars': 999}",MNQ,ALL,322,1.158273381294964,0.34782608695652173,0.0075121684417917365,0.9292628801954375,-1376.8869365271999,3881.0685071454623,-0.5048503740589569,0.2857142857142857,0.32608695652173914
Confluence,Confluence#2,"{'trig': 'align', 'k': 1.0, 'mx': 4, 'last_entry': 900, 'max_bars': 999}",MNQ,IS,198,1.1785714285714286,0.3282828282828283,-0.0410628629750501,0.8228793464739872,-2030.5857291829568,3881.0685071454623,-1.3644057308206963,0.25,0.3181818181818182
Confluence,Confluence#2,"{'trig': 'align', 'k': 1.0, 'mx': 4, 'last_entry': 900, 'max_bars': 999}",MNQ,OOS,124,1.1272727272727272,0.3790322580645161,0.08507552505900687,1.0817080376104056,653.6987926557567,1045.768606897849,0.5346053650619795,0.3333333333333333,0.3387096774193548
Confluence,Confluence#2,"{'trig': 'align', 'k': 1.0, 'mx': 4, 'last_entry': 900, 'max_bars': 999}",MES,ALL,337,1.2122302158273381,0.31750741839762614,-0.1450292254277609,0.7740655999770962,-2281.038268830817,2440.3110437147043,-1.8860701505637634,0.2857142857142857,0.2818991097922849
Confluence,Confluence#2,"{'trig': 'align', 'k': 1.0, 'mx': 4, 'last_entry': 900, 'max_bars': 999}",MES,IS,199,1.1845238095238095,0.3015075376884422,-0.17864334151317235,0.7271177846558179,-1672.7542042954847,2368.35928851224,-2.3377756613238048,0.25,0.271356783919598
Confluence,Confluence#2,"{'trig': 'align', 'k': 1.0, 'mx': 4, 'last_entry': 900, 'max_bars': 999}",MES,OOS,138,1.2545454545454546,0.34057971014492755,-0.09655669571039234,0.8466280327155925,-608.2840645353318,784.499482731875,-1.2286631578136102,0.3333333333333333,0.2971014492753623
Confluence,Confluence#2,"{'trig': 'align', 'k': 1.0, 'mx': 4, 'last_entry': 900, 'max_bars': 999}",MGC,ALL,355,1.290909090909091,0.3126760563380282,-0.14552512444626395,0.8043320851176211,-4084.1719896912246,4360.155346826791,-1.693515369947861,0.21428571428571427,0.27323943661971833
Confluence,Confluence#2,"{'trig': 'align', 'k': 1.0, 'mx': 4, 'last_entry': 900, 'max_bars': 999}",MGC,IS,241,1.4431137724550898,0.2946058091286307,-0.19135817589027826,0.7573695930392259,-3699.7845483345513,3704.5930403224497,-2.466894248882505,0.0,0.2572614107883817
Confluence,Confluence#2,"{'trig': 'align', 'k': 1.0, 'mx': 4, 'last_entry': 900, 'max_bars': 999}",MGC,OOS,114,1.0555555555555556,0.3508771929824561,-0.04863244551637415,0.9316563647722675,-384.38744135667287,1452.3990474767074,-0.4224730616257092,0.5,0.30701754385964913
Confluence,Confluence#3,"{'trig': 'align', 'k': 1.0, 'mx': 4, 'last_entry': 720, 'max_bars': 999}",MNQ,ALL,202,0.7266187050359713,0.3217821782178218,-0.06692212429589703,0.8545746786883327,-2016.0403055577308,2390.6111335908995,-0.9921354373852161,0.21428571428571427,0.30198019801980197
Confluence,Confluence#3,"{'trig': 'align', 'k': 1.0, 'mx': 4, 'last_entry': 720, 'max_bars': 999}",MNQ,IS,121,0.7202380952380952,0.32231404958677684,-0.05790432463975382,0.8049967632230196,-1482.2854694167904,2390.6111335908995,-1.4086597284708318,0.125,0.3140495867768595
Confluence,Confluence#3,"{'trig': 'align', 'k': 1.0, 'mx': 4, 'last_entry': 720, 'max_bars': 999}",MNQ,OOS,81,0.7363636363636363,0.32098765432098764,-0.08039315835013564,0.9147591331641807,-533.7548361409409,1862.4507796777805,-0.5579578156725348,0.3333333333333333,0.2839506172839506
Confluence,Confluence#3,"{'trig': 'align', 'k': 1.0, 'mx': 4, 'last_entry': 720, 'max_bars': 999}",MES,ALL,203,0.7302158273381295,0.32019704433497537,-0.10264352134212788,0.8546543553991827,-951.1304349689906,1418.7333058824381,-0.9095800554570166,0.35714285714285715,0.30049261083743845
Confluence,Confluence#3,"{'trig': 'align', 'k': 1.0, 'mx': 4, 'last_entry': 720, 'max_bars': 999}",MES,IS,116,0.6904761904761905,0.3103448275862069,-0.12092927771498158,0.7973608351302164,-785.3985610325481,1309.0923613097407,-1.2510575863384197,0.375,0.29310344827586204
Confluence,Confluence#3,"{'trig': 'align', 'k': 1.0, 'mx': 4, 'last_entry': 720, 'max_bars': 999}",MES,OOS,87,0.7909090909090909,0.3333333333333333,-0.0782625128449896,0.9378833138031405,-165.73187393644272,655.2574032876333,-0.3951670448144705,0.3333333333333333,0.3103448275862069
Confluence,Confluence#3,"{'trig': 'align', 'k': 1.0, 'mx': 4, 'last_entry': 720, 'max_bars': 999}",MGC,ALL,221,0.8036363636363636,0.3167420814479638,-0.1120960592722852,0.843307573443972,-2223.7812908262313,3079.0032115278163,-1.120070106617828,0.42857142857142855,0.29411764705882354
Confluence,Confluence#3,"{'trig': 'align', 'k': 1.0, 'mx': 4, 'last_entry': 720, 'max_bars': 999}",MGC,IS,137,0.8203592814371258,0.31386861313868614,-0.10517253073491117,0.8346595695634148,-1572.2084654558546,2046.4666330304906,-1.3146891967215242,0.375,0.29927007299270075
Confluence,Confluence#3,"{'trig': 'align', 'k': 1.0, 'mx': 4, 'last_entry': 720, 'max_bars': 999}",MGC,OOS,84,0.7777777777777778,0.32142857142857145,-0.12338800462490708,0.8608671364133594,-651.5728253703759,1531.8535983990591,-0.8218276172974521,0.5,0.2857142857142857
Confluence,Confluence#4,"{'trig': 'align', 'k': 1.5, 'mx': 2, 'last_entry': 900, 'max_bars': 999}",MNQ,ALL,203,0.7302158273381295,0.4088669950738916,0.1161535988899959,1.1059028147620813,1849.0766375649255,2351.812581437569,0.5784643278660286,0.42857142857142855,0.3054187192118227
Confluence,Confluence#4,"{'trig': 'align', 'k': 1.5, 'mx': 2, 'last_entry': 900, 'max_bars': 999}",MNQ,IS,121,0.7202380952380952,0.4132231404958678,0.14712528685329684,1.1259796262584132,1198.2784309055205,2351.812581437569,0.6741200585217847,0.5,0.32231404958677684
Confluence,Confluence#4,"{'trig': 'align', 'k': 1.5, 'mx': 2, 'last_entry': 900, 'max_bars': 999}",MNQ,OOS,82,0.7454545454545455,0.4024390243902439,0.07045147396853951,1.0818774440646353,650.7982066594045,1581.0924992408886,0.46133876494188475,0.3333333333333333,0.2804878048780488
Confluence,Confluence#4,"{'trig': 'align', 'k': 1.5, 'mx': 2, 'last_entry': 900, 'max_bars': 999}",MES,ALL,212,0.762589928057554,0.33490566037735847,-0.11270825349833091,0.8548026747063121,-1341.7393266659524,2561.0235502313267,-0.8647214256179739,0.21428571428571427,0.24528301886792453
Confluence,Confluence#4,"{'trig': 'align', 'k': 1.5, 'mx': 2, 'last_entry': 900, 'max_bars': 999}",MES,IS,124,0.7380952380952381,0.3225806451612903,-0.14773263649926005,0.7447989400210567,-1424.4683865798634,2561.0235502313267,-1.635207817694106,0.125,0.23387096774193547
Confluence,Confluence#4,"{'trig': 'align', 'k': 1.5, 'mx': 2, 'last_entry': 900, 'max_bars': 999}",MES,OOS,88,0.8,0.3522727272727273,-0.06335571381520345,1.0226094386807292,82.72905991391104,722.5759280419868,0.12237857028680318,0.3333333333333333,0.26136363636363635
Confluence,Confluence#4,"{'trig': 'align', 'k': 1.5, 'mx': 2, 'last_entry': 900, 'max_bars': 999}",MGC,ALL,219,0.7963636363636364,0.3470319634703196,-0.07136076770019655,0.9016769524132968,-1864.8004484441947,4071.976094650592,-0.6299244372188431,0.42857142857142855,0.2694063926940639
Confluence,Confluence#4,"{'trig': 'align', 'k': 1.5, 'mx': 2, 'last_entry': 900, 'max_bars': 999}",MGC,IS,142,0.8502994011976048,0.352112676056338,-0.0672410206734217,0.8662954987504207,-1775.9429802977202,2941.59148296492,-0.9357436983782778,0.5,0.2676056338028169
Confluence,Confluence#4,"{'trig': 'align', 'k': 1.5, 'mx': 2, 'last_entry': 900, 'max_bars': 999}",MGC,OOS,77,0.7129629629629629,0.33766233766233766,-0.07895822325606704,0.9843656017343815,-88.85746814647382,1347.2833327395072,-0.08390933171045266,0.3333333333333333,0.2727272727272727
Confluence,Confluence#5,"{'trig': 'align', 'k': 1.5, 'mx': 2, 'last_entry': 720, 'max_bars': 999}",MNQ,ALL,166,0.5971223021582733,0.3855421686746988,0.05993658572749446,0.9965079689891286,-54.35203543501606,2667.199474031689,-0.019103911413577753,0.5,0.28313253012048195
Confluence,Confluence#5,"{'trig': 'align', 'k': 1.5, 'mx': 2, 'last_entry': 720, 'max_bars': 999}",MNQ,IS,98,0.5833333333333334,0.42857142857142855,0.20743833284346327,1.1632641718631571,1286.2831816402065,1851.2518928089294,0.812531677281616,0.625,0.336734693877551
Confluence,Confluence#5,"{'trig': 'align', 'k': 1.5, 'mx': 2, 'last_entry': 720, 'max_bars': 999}",MNQ,OOS,68,0.6181818181818182,0.3235294117647059,-0.15263946158669595,0.8255755742548787,-1340.6352170752225,2667.1994740316895,-1.0723402072795585,0.3333333333333333,0.20588235294117646
Confluence,Confluence#5,"{'trig': 'align', 'k': 1.5, 'mx': 2, 'last_entry': 720, 'max_bars': 999}",MES,ALL,169,0.6079136690647482,0.33136094674556216,-0.08351295997053582,0.902312779957583,-755.6837396695839,1909.3144278221878,-0.518318642288045,0.35714285714285715,0.2603550295857988
Confluence,Confluence#5,"{'trig': 'align', 'k': 1.5, 'mx': 2, 'last_entry': 720, 'max_bars': 999}",MES,IS,94,0.5595238095238095,0.3191489361702128,-0.11546829500194013,0.7920869467570167,-931.015503239583,1909.3144278221878,-1.186166698675607,0.25,0.24468085106382978
Confluence,Confluence#5,"{'trig': 'align', 'k': 1.5, 'mx': 2, 'last_entry': 720, 'max_bars': 999}",MES,OOS,75,0.6818181818181818,0.3466666666666667,-0.0434622733978423,1.053818402879121,175.3317635699991,690.0812172178751,0.26444378391286266,0.5,0.28
Confluence,Confluence#5,"{'trig': 'align', 'k': 1.5, 'mx': 2, 'last_entry': 720, 'max_bars': 999}",MGC,ALL,168,0.610909090909091,0.35714285714285715,-0.04693193980526121,0.9352285037096658,-1002.3353017698937,3171.307791053603,-0.36442862845125085,0.5,0.2857142857142857
Confluence,Confluence#5,"{'trig': 'align', 'k': 1.5, 'mx': 2, 'last_entry': 720, 'max_bars': 999}",MGC,IS,105,0.6287425149700598,0.38095238095238093,-0.0020833279047215384,0.935413235445998,-662.058643059016,2015.4745327060173,-0.3880602172873021,0.5,0.2857142857142857
Confluence,Confluence#5,"{'trig': 'align', 'k': 1.5, 'mx': 2, 'last_entry': 720, 'max_bars': 999}",MGC,OOS,63,0.5833333333333334,0.31746031746031744,-0.12167962630616064,0.9348660356063379,-340.27665871087794,1345.8570013752394,-0.32455930993474563,0.5,0.2857142857142857
Confluence,Confluence#6,"{'trig': 'align', 'k': 1.5, 'mx': 4, 'last_entry': 900, 'max_bars': 999}",MNQ,ALL,244,0.8776978417266187,0.4057377049180328,0.10328778336277943,1.0756935491026969,1518.3417497681548,2632.401185401525,0.4433848409200236,0.42857142857142855,0.29098360655737704
Confluence,Confluence#6,"{'trig': 'align', 'k': 1.5, 'mx': 4, 'last_entry': 900, 'max_bars': 999}",MNQ,IS,150,0.8928571428571429,0.4266666666666667,0.16327458264477449,1.1397872392465704,1559.4502885771424,2632.401185401525,0.8074015741762661,0.5,0.31333333333333335
Confluence,Confluence#6,"{'trig': 'align', 'k': 1.5, 'mx': 4, 'last_entry': 900, 'max_bars': 999}",MNQ,OOS,94,0.8545454545454545,0.3723404255319149,0.007564167487255463,0.9953827126211482,-41.108538808988186,1923.801607847022,-0.027635312820320015,0.3333333333333333,0.2553191489361702
Confluence,Confluence#6,"{'trig': 'align', 'k': 1.5, 'mx': 4, 'last_entry': 900, 'max_bars': 999}",MES,ALL,265,0.9532374100719424,0.3320754716981132,-0.11828882901800014,0.8331773528476691,-1850.3680650903282,2625.259771110685,-1.1189815355137112,0.21428571428571427,0.24528301886792453
Confluence,Confluence#6,"{'trig': 'align', 'k': 1.5, 'mx': 4, 'last_entry': 900, 'max_bars': 999}",MES,IS,150,0.8928571428571429,0.34,-0.08320803218356465,0.8072280626591233,-1250.4267478111126,2625.259771110685,-1.3647477443657592,0.25,0.26
Confluence,Confluence#6,"{'trig': 'align', 'k': 1.5, 'mx': 4, 'last_entry': 900, 'max_bars': 999}",MES,OOS,115,1.0454545454545454,0.3217391304347826,-0.16404639010639424,0.8697271563649751,-599.9413172792158,1024.2048804476135,-0.8191073004139257,0.16666666666666666,0.22608695652173913
Confluence,Confluence#6,"{'trig': 'align', 'k': 1.5, 'mx': 4, 'last_entry': 900, 'max_bars': 999}",MGC,ALL,266,0.9672727272727273,0.35714285714285715,-0.06270224768434747,0.9378834684263871,-1332.2009676054374,2988.9976727435205,-0.3894224464463039,0.35714285714285715,0.2556390977443609
Confluence,Confluence#6,"{'trig': 'align', 'k': 1.5, 'mx': 4, 'last_entry': 900, 'max_bars': 999}",MGC,IS,172,1.029940119760479,0.37790697674418605,-0.02633009672111009,0.9554930240513606,-654.7382348303792,1959.718123990876,-0.2904998150864273,0.375,0.2558139534883721
Confluence,Confluence#6,"{'trig': 'align', 'k': 1.5, 'mx': 4, 'last_entry': 900, 'max_bars': 999}",MGC,OOS,94,0.8703703703703703,0.3191489361702128,-0.12925554519154772,0.8994249054029644,-677.4627327750572,1670.82424124549,-0.588308116936198,0.3333333333333333,0.2553191489361702
Confluence,Confluence#7,"{'trig': 'align', 'k': 1.5, 'mx': 4, 'last_entry': 720, 'max_bars': 999}",MNQ,ALL,169,0.6079136690647482,0.3905325443786982,0.0653513282709209,0.9957060137696371,-67.56000977490135,2667.199474031689,-0.023881673512686823,0.42857142857142855,0.28402366863905326
Confluence,Confluence#7,"{'trig': 'align', 'k': 1.5, 'mx': 4, 'last_entry': 720, 'max_bars': 999}",MNQ,IS,101,0.6011904761904762,0.43564356435643564,0.21211740461070253,1.1581934974276142,1273.0752073003212,1831.4918928089294,0.813208401015356,0.5,0.33663366336633666
Confluence,Confluence#7,"{'trig': 'align', 'k': 1.5, 'mx': 4, 'last_entry': 720, 'max_bars': 999}",MNQ,OOS,68,0.6181818181818182,0.3235294117647059,-0.15263946158669595,0.8255755742548787,-1340.6352170752225,2667.1994740316895,-1.0723402072795585,0.3333333333333333,0.20588235294117646
Confluence,Confluence#7,"{'trig': 'align', 'k': 1.5, 'mx': 4, 'last_entry': 720, 'max_bars': 999}",MES,ALL,173,0.6223021582733813,0.3352601156069364,-0.07101275841347748,0.91915699107821,-632.3566720621357,1699.7027343624088,-0.434520917229506,0.35714285714285715,0.2658959537572254
Confluence,Confluence#7,"{'trig': 'align', 'k': 1.5, 'mx': 4, 'last_entry': 720, 'max_bars': 999}",MES,IS,96,0.5714285714285714,0.3333333333333333,-0.0719059487898276,0.8388971309387078,-721.403809779804,1699.7027343624088,-0.9317878021961065,0.25,0.2604166666666667
Confluence,Confluence#7,"{'trig': 'align', 'k': 1.5, 'mx': 4, 'last_entry': 720, 'max_bars': 999}",MES,OOS,77,0.7,0.33766233766233766,-0.06989917041179419,1.0266279337067352,89.04713771766825,690.0812172178751,0.13301237656689946,0.5,0.2727272727272727
Confluence,Confluence#7,"{'trig': 'align', 'k': 1.5, 'mx': 4, 'last_entry': 720, 'max_bars': 999}",MGC,ALL,175,0.6363636363636364,0.3485714285714286,-0.07495920119110272,0.9013473065114814,-1587.6864066521232,3426.429131405578,-0.5631222160150486,0.5,0.2742857142857143
Confluence,Confluence#7,"{'trig': 'align', 'k': 1.5, 'mx': 4, 'last_entry': 720, 'max_bars': 999}",MGC,IS,107,0.6407185628742516,0.37383177570093457,-0.0211133423040952,0.9098053626891889,-950.5799834109906,2303.9958730579924,-0.5474358116857183,0.5,0.2803738317757009
Confluence,Confluence#7,"{'trig': 'align', 'k': 1.5, 'mx': 4, 'last_entry': 720, 'max_bars': 999}",MGC,OOS,68,0.6296296296296297,0.3088235294117647,-0.15968724385154104,0.8852988056303795,-637.1064232411334,1648.4357487396949,-0.5857041937019944,0.5,0.2647058823529412
Confluence,Confluence#8,"{'trig': 'pb', 'k': 1.0, 'mx': 2, 'last_entry': 900, 'max_bars': 999}",MNQ,ALL,208,0.7482014388489209,0.3798076923076923,0.08315505247586974,1.1007025674384239,1223.4485880949624,2014.967639616677,0.5231662161087431,0.5,0.34615384615384615
Confluence,Confluence#8,"{'trig': 'pb', 'k': 1.0, 'mx': 2, 'last_entry': 900, 'max_bars': 999}",MNQ,IS,127,0.7559523809523809,0.3858267716535433,0.11123869560568067,1.0673563599726317,459.11947777399735,2014.967639616677,0.39737891473817044,0.5,0.36220472440944884
Confluence,Confluence#8,"{'trig': 'pb', 'k': 1.0, 'mx': 2, 'last_entry': 900, 'max_bars': 999}",MNQ,OOS,81,0.7363636363636363,0.37037037037037035,0.03912267374147482,1.1433245633608073,764.3291103209648,1446.034397504463,0.6707236491769019,0.5,0.32098765432098764
Confluence,Confluence#8,"{'trig': 'pb', 'k': 1.0, 'mx': 2, 'last_entry': 900, 'max_bars': 999}",MES,ALL,215,0.7733812949640287,0.3116279069767442,-0.14002538704686027,0.8354298358736132,-1071.8774902953483,1674.9240869598286,-1.0873926206936206,0.42857142857142855,0.2930232558139535
Confluence,Confluence#8,"{'trig': 'pb', 'k': 1.0, 'mx': 2, 'last_entry': 900, 'max_bars': 999}",MES,IS,129,0.7678571428571429,0.2868217054263566,-0.19693787682052655,0.6952100326089137,-1269.6760981958269,1674.9240869598286,-2.2344243392372536,0.375,0.27906976744186046
Confluence,Confluence#8,"{'trig': 'pb', 'k': 1.0, 'mx': 2, 'last_entry': 900, 'max_bars': 999}",MES,OOS,86,0.7818181818181819,0.3488372093023256,-0.05465665238636092,1.0842609305051745,197.79860790047871,434.7264183390802,0.4769966692284922,0.5,0.313953488372093
Confluence,Confluence#8,"{'trig': 'pb', 'k': 1.0, 'mx': 2, 'last_entry': 900, 'max_bars': 999}",MGC,ALL,213,0.7745454545454545,0.3004694835680751,-0.16968569877994977,0.7472060430661001,-3214.6685510714415,3716.0070822112734,-1.8954379688002765,0.2857142857142857,0.2676056338028169
Confluence,Confluence#8,"{'trig': 'pb', 'k': 1.0, 'mx': 2, 'last_entry': 900, 'max_bars': 999}",MGC,IS,141,0.844311377245509,0.2907801418439716,-0.1940210892936561,0.7389232089124722,-2327.3192309505703,2700.8473596400913,-1.993287797469753,0.25,0.2553191489361702
Confluence,Confluence#8,"{'trig': 'pb', 'k': 1.0, 'mx': 2, 'last_entry': 900, 'max_bars': 999}",MGC,OOS,72,0.6666666666666666,0.3194444444444444,-0.12202889235727471,0.7666250193655907,-887.3493201208707,1362.0765750631563,-1.7725453264640763,0.3333333333333333,0.2916666666666667
Confluence,Confluence#9,"{'trig': 'pb', 'k': 1.0, 'mx': 2, 'last_entry': 720, 'max_bars': 999}",MNQ,ALL,160,0.5755395683453237,0.36875,0.04657131319662619,1.1055782793669544,1059.0847200711949,1638.1551467487486,0.48559498434354015,0.5714285714285714,0.33125
Confluence,Confluence#9,"{'trig': 'pb', 'k': 1.0, 'mx': 2, 'last_entry': 720, 'max_bars': 999}",MNQ,IS,94,0.5595238095238095,0.40425531914893614,0.1697343880683857,1.1698209602973801,883.4667652053512,1638.1551467487486,0.8110162586201639,0.625,0.3829787234042553
Confluence,Confluence#9,"{'trig': 'pb', 'k': 1.0, 'mx': 2, 'last_entry': 720, 'max_bars': 999}",MNQ,OOS,66,0.6,0.3181818181818182,-0.12884276313587975,1.0363678637892457,175.61795486584344,1536.4407361675417,0.16648012167918438,0.5,0.25757575757575757
Confluence,Confluence#9,"{'trig': 'pb', 'k': 1.0, 'mx': 2, 'last_entry': 720, 'max_bars': 999}",MES,ALL,155,0.5575539568345323,0.3419354838709677,-0.03127889965236903,0.9662594225954724,-164.07832836083082,1141.8947050751433,-0.17913312736406142,0.5714285714285714,0.32903225806451614
Confluence,Confluence#9,"{'trig': 'pb', 'k': 1.0, 'mx': 2, 'last_entry': 720, 'max_bars': 999}",MES,IS,92,0.5476190476190477,0.30434782608695654,-0.14028105928274737,0.7384238339348194,-832.0687417198233,1141.8947050751433,-1.6594090478794727,0.375,0.29347826086956524
Confluence,Confluence#9,"{'trig': 'pb', 'k': 1.0, 'mx': 2, 'last_entry': 720, 'max_bars': 999}",MES,OOS,63,0.5727272727272728,0.3968253968253968,0.12789885726818342,1.397150695944187,667.9904133589923,325.4548235970667,1.6439580769229367,0.8333333333333334,0.38095238095238093
Confluence,Confluence#9,"{'trig': 'pb', 'k': 1.0, 'mx': 2, 'last_entry': 720, 'max_bars': 999}",MGC,ALL,152,0.5527272727272727,0.3026315789473684,-0.15127268036967537,0.8120801334646406,-1776.280517942203,2554.880720647394,-1.1960040329462835,0.42857142857142855,0.27631578947368424
Confluence,Confluence#9,"{'trig': 'pb', 'k': 1.0, 'mx': 2, 'last_entry': 720, 'max_bars': 999}",MGC,IS,99,0.592814371257485,0.3333333333333333,-0.05596123986664727,0.9330314882683074,-417.32717397316117,1744.2134115672286,-0.4241048415358371,0.5,0.30303030303030304
Confluence,Confluence#9,"{'trig': 'pb', 'k': 1.0, 'mx': 2, 'last_entry': 720, 'max_bars': 999}",MGC,OOS,53,0.49074074074074076,0.24528301886792453,-0.3293072579130675,0.5780482836265498,-1358.9533439690415,1783.0693414300367,-2.773815626329561,0.3333333333333333,0.22641509433962265
Confluence,Confluence#10,"{'trig': 'pb', 'k': 1.0, 'mx': 4, 'last_entry': 900, 'max_bars': 999}",MNQ,ALL,295,1.0611510791366907,0.3864406779661017,0.10078226754989232,1.131393190428002,2070.8623449747047,2372.9294485402816,0.8277579712087766,0.5,0.3559322033898305
Confluence,Confluence#10,"{'trig': 'pb', 'k': 1.0, 'mx': 4, 'last_entry': 900, 'max_bars': 999}",MNQ,IS,187,1.1130952380952381,0.37967914438502676,0.08141904816159375,1.027125993068139,256.9931596164935,2372.9294485402816,0.21242108569379822,0.5,0.35294117647058826
Confluence,Confluence#10,"{'trig': 'pb', 'k': 1.0, 'mx': 4, 'last_entry': 900, 'max_bars': 999}",MNQ,OOS,108,0.9818181818181818,0.39814814814814814,0.13430932334259452,1.2885226104710203,1813.8691853582109,1357.5066353384375,1.4701276039362912,0.5,0.3611111111111111
Confluence,Confluence#10,"{'trig': 'pb', 'k': 1.0, 'mx': 4, 'last_entry': 900, 'max_bars': 999}",MES,ALL,300,1.079136690647482,0.32666666666666666,-0.10681220908168006,0.8681256052451732,-1119.5173716933027,1650.5422135787933,-1.0052382424725357,0.5,0.30333333333333334
Confluence,Confluence#10,"{'trig': 'pb', 'k': 1.0, 'mx': 4, 'last_entry': 900, 'max_bars': 999}",MES,IS,188,1.119047619047619,0.30319148936170215,-0.15778567288983514,0.7544733012410347,-1386.471349642508,1650.5422135787933,-2.1062692818799413,0.375,0.2925531914893617
Confluence,Confluence#10,"{'trig': 'pb', 'k': 1.0, 'mx': 4, 'last_entry': 900, 'max_bars': 999}",MES,OOS,112,1.018181818181818,0.36607142857142855,-0.021249609117991213,1.0939203887838753,266.95397794920507,367.3806765588886,0.5888372799046727,0.6666666666666666,0.32142857142857145
Confluence,Confluence#10,"{'trig': 'pb', 'k': 1.0, 'mx': 4, 'last_entry': 900, 'max_bars': 999}",MGC,ALL,297,1.08,0.3400673400673401,-0.06651748008458579,0.897630809841618,-1628.031474047657,2358.3110536627923,-0.8264475390664443,0.42857142857142855,0.2962962962962963
Confluence,Confluence#10,"{'trig': 'pb', 'k': 1.0, 'mx': 4, 'last_entry': 900, 'max_bars': 999}",MGC,IS,202,1.2095808383233533,0.35148514851485146,-0.03390314902779742,0.9485609124178954,-579.6274253510351,1853.533235668231,-0.4215727451694321,0.5,0.30198019801980197
Confluence,Confluence#10,"{'trig': 'pb', 'k': 1.0, 'mx': 4, 'last_entry': 900, 'max_bars': 999}",MGC,OOS,95,0.8796296296296297,0.3157894736842105,-0.13586584717375688,0.7738217847705585,-1048.4040486966217,1495.4642620985203,-1.8984179583474636,0.3333333333333333,0.28421052631578947
Confluence,Confluence#11,"{'trig': 'pb', 'k': 1.0, 'mx': 4, 'last_entry': 720, 'max_bars': 999}",MNQ,ALL,171,0.6151079136690647,0.3742690058479532,0.06585694870764687,1.138158542678777,1469.9526849113972,1633.7074031155967,0.674922883864581,0.5,0.3391812865497076
Confluence,Confluence#11,"{'trig': 'pb', 'k': 1.0, 'mx': 4, 'last_entry': 720, 'max_bars': 999}",MNQ,IS,101,0.6011904761904762,0.40594059405940597,0.1764317354013728,1.183379658205254,1022.6949610663555,1633.7074031155967,0.9724776319659119,0.5,0.38613861386138615
Confluence,Confluence#11,"{'trig': 'pb', 'k': 1.0, 'mx': 4, 'last_entry': 720, 'max_bars': 999}",MNQ,OOS,70,0.6363636363636364,0.32857142857142857,-0.09368667209330048,1.0883440520109244,447.25772384504194,1536.4407361675417,0.4151278711400619,0.5,0.2714285714285714
Confluence,Confluence#11,"{'trig': 'pb', 'k': 1.0, 'mx': 4, 'last_entry': 720, 'max_bars': 999}",MES,ALL,162,0.5827338129496403,0.3271604938271605,-0.07553587241143785,0.8990834166866778,-527.418070308129,1396.626441094386,-0.5488329456980946,0.5,0.3148148148148148
Confluence,Confluence#11,"{'trig': 'pb', 'k': 1.0, 'mx': 4, 'last_entry': 720, 'max_bars': 999}",MES,IS,96,0.5714285714285714,0.2916666666666667,-0.17780237710559352,0.6836753683961592,-1086.800477739066,1396.626441094386,-2.0013920511493444,0.375,0.28125
Confluence,Confluence#11,"{'trig': 'pb', 'k': 1.0, 'mx': 4, 'last_entry': 720, 'max_bars': 999}",MES,OOS,66,0.6,0.3787878787878788,0.07321540714369773,1.3124055198451283,559.382407430937,358.97786632116004,1.3573371308816828,0.6666666666666666,0.36363636363636365
Confluence,Confluence#11,"{'trig': 'pb', 'k': 1.0, 'mx': 4, 'last_entry': 720, 'max_bars': 999}",MGC,ALL,156,0.5672727272727273,0.3076923076923077,-0.1353628637425979,0.8262480199161458,-1668.0632191310128,2558.6555932763627,-1.1253661617182384,0.5,0.28205128205128205
Confluence,Confluence#11,"{'trig': 'pb', 'k': 1.0, 'mx': 4, 'last_entry': 720, 'max_bars': 999}",MGC,IS,101,0.6047904191616766,0.33663366336633666,-0.04554824599616603,0.9454572113542303,-343.7427286186646,1600.0634448276246,-0.3528643491678374,0.625,0.3069306930693069
Confluence,Confluence#11,"{'trig': 'pb', 'k': 1.0, 'mx': 4, 'last_entry': 720, 'max_bars': 999}",MGC,OOS,55,0.5092592592592593,0.2545454545454545,-0.30029516178604554,0.5984469567380448,-1324.3204905123475,1860.4286594135021,-2.653692019771517,0.3333333333333333,0.23636363636363636
Confluence,Confluence#12,"{'trig': 'pb', 'k': 1.5, 'mx': 2, 'last_entry': 900, 'max_bars': 999}",MNQ,ALL,193,0.6942446043165468,0.40932642487046633,0.12231863832878362,1.124831829801009,1971.6912992018322,2241.9231688153354,0.6057975537441201,0.5714285714285714,0.30569948186528495
Confluence,Confluence#12,"{'trig': 'pb', 'k': 1.5, 'mx': 2, 'last_entry': 900, 'max_bars': 999}",MNQ,IS,116,0.6904761904761905,0.4396551724137931,0.2264634767610643,1.2484593249408942,2107.102055076294,2109.43639383815,1.1085339512562091,0.625,0.3448275862068966
Confluence,Confluence#12,"{'trig': 'pb', 'k': 1.5, 'mx': 2, 'last_entry': 900, 'max_bars': 999}",MNQ,OOS,77,0.7,0.36363636363636365,-0.03457488450426249,0.9814863609576607,-135.41075587446238,2241.923168815337,-0.09993428861433483,0.5,0.24675324675324675
Confluence,Confluence#12,"{'trig': 'pb', 'k': 1.5, 'mx': 2, 'last_entry': 900, 'max_bars': 999}",MES,ALL,187,0.6726618705035972,0.37967914438502676,-0.020212061802878115,1.037528552915287,270.4959438425615,1372.4797373233725,0.17943860047023683,0.42857142857142855,0.2620320855614973
Confluence,Confluence#12,"{'trig': 'pb', 'k': 1.5, 'mx': 2, 'last_entry': 900, 'max_bars': 999}",MES,IS,113,0.6726190476190477,0.3805309734513274,0.017324521044620237,0.9959177083627785,-18.433804216200166,1372.4797373233725,-0.02010556245706665,0.375,0.2743362831858407
Confluence,Confluence#12,"{'trig': 'pb', 'k': 1.5, 'mx': 2, 'last_entry': 900, 'max_bars': 999}",MES,OOS,74,0.6727272727272727,0.3783783783783784,-0.07753143831324726,1.1073216891915723,288.929748058762,631.8677757800777,0.4871426687601296,0.5,0.24324324324324326
Confluence,Confluence#12,"{'trig': 'pb', 'k': 1.5, 'mx': 2, 'last_entry': 900, 'max_bars': 999}",MGC,ALL,186,0.6763636363636364,0.3655913978494624,-0.04666809103893852,0.901874393074297,-1446.5210399746848,2857.217164967154,-0.5707272766625258,0.5714285714285714,0.25806451612903225
Confluence,Confluence#12,"{'trig': 'pb', 'k': 1.5, 'mx': 2, 'last_entry': 900, 'max_bars': 999}",MGC,IS,123,0.7365269461077845,0.35772357723577236,-0.07149050050131994,0.8886202336966306,-1164.6657149360924,2075.033760730289,-0.6681607303217134,0.625,0.25203252032520324
Confluence,Confluence#12,"{'trig': 'pb', 'k': 1.5, 'mx': 2, 'last_entry': 900, 'max_bars': 999}",MGC,OOS,63,0.5833333333333334,0.38095238095238093,0.0017947083876156187,0.93421997491569,-281.8553250385921,1084.1380580066427,-0.37492211033804224,0.5,0.2698412698412698
Confluence,Confluence#13,"{'trig': 'pb', 'k': 1.5, 'mx': 2, 'last_entry': 720, 'max_bars': 999}",MNQ,ALL,143,0.5143884892086331,0.40559440559440557,0.09167604465465823,1.1166789374862705,1507.4750438097092,2925.4381523178863,0.5071527217832689,0.6428571428571429,0.2867132867132867
Confluence,Confluence#13,"{'trig': 'pb', 'k': 1.5, 'mx': 2, 'last_entry': 720, 'max_bars': 999}",MNQ,IS,85,0.5059523809523809,0.47058823529411764,0.3049030171874451,1.3645565405247522,2335.017365555542,1624.5089908110099,1.3927923502938866,0.75,0.36470588235294116
Confluence,Confluence#13,"{'trig': 'pb', 'k': 1.5, 'mx': 2, 'last_entry': 720, 'max_bars': 999}",MNQ,OOS,58,0.5272727272727272,0.3103448275862069,-0.22081175991925353,0.8729743599861118,-827.5423217458324,2925.438152317889,-0.6431115825380006,0.5,0.1724137931034483
Confluence,Confluence#13,"{'trig': 'pb', 'k': 1.5, 'mx': 2, 'last_entry': 720, 'max_bars': 999}",MES,ALL,131,0.4712230215827338,0.4122137404580153,0.06670500487374624,1.1692624505065767,883.2959502340931,974.9703951900618,0.6554619081789962,0.5714285714285714,0.2824427480916031
Confluence,Confluence#13,"{'trig': 'pb', 'k': 1.5, 'mx': 2, 'last_entry': 720, 'max_bars': 999}",MES,IS,77,0.4583333333333333,0.4025974025974026,0.04655932035901611,1.018519488325273,60.78643368825617,974.9703951900618,0.0794502552147425,0.375,0.2727272727272727
Confluence,Confluence#13,"{'trig': 'pb', 'k': 1.5, 'mx': 2, 'last_entry': 720, 'max_bars': 999}",MES,OOS,54,0.4909090909090909,0.42592592592592593,0.09543125871882437,1.424805282033384,822.5095165458368,681.5848235336534,1.417740343680641,0.8333333333333334,0.2962962962962963
Confluence,Confluence#13,"{'trig': 'pb', 'k': 1.5, 'mx': 2, 'last_entry': 720, 'max_bars': 999}",MGC,ALL,127,0.4618181818181818,0.33070866141732286,-0.12614608103380848,0.8754265261298474,-1339.7262946967176,2927.5298853855893,-0.5773744127725308,0.42857142857142855,0.25196850393700787
Confluence,Confluence#13,"{'trig': 'pb', 'k': 1.5, 'mx': 2, 'last_entry': 720, 'max_bars': 999}",MGC,IS,82,0.49101796407185627,0.36585365853658536,-0.027685769426849093,1.0149802531910332,104.40588385548284,1753.077572509045,0.06497012158247527,0.625,0.2804878048780488
Confluence,Confluence#13,"{'trig': 'pb', 'k': 1.5, 'mx': 2, 'last_entry': 720, 'max_bars': 999}",MGC,OOS,45,0.4166666666666667,0.26666666666666666,-0.30556264885093454,0.6184530464026327,-1444.132178552201,1860.9478405325588,-2.1639239155925467,0.16666666666666666,0.2
Confluence,Confluence#14,"{'trig': 'pb', 'k': 1.5, 'mx': 4, 'last_entry': 900, 'max_bars': 999}",MNQ,ALL,225,0.8093525179856115,0.41333333333333333,0.1301514823771356,1.142452878509594,2456.243646898778,2551.452651551402,0.7588618005874452,0.5714285714285714,0.29777777777777775
Confluence,Confluence#14,"{'trig': 'pb', 'k': 1.5, 'mx': 4, 'last_entry': 900, 'max_bars': 999}",MNQ,IS,141,0.8392857142857143,0.45390070921985815,0.23802840821050478,1.3058423977512683,2906.423885509309,1848.4700492503528,1.5471524880175058,0.75,0.3333333333333333
Confluence,Confluence#14,"{'trig': 'pb', 'k': 1.5, 'mx': 4, 'last_entry': 900, 'max_bars': 999}",MNQ,OOS,84,0.7636363636363637,0.34523809523809523,-0.050927643128876945,0.9418333271328263,-450.180238610531,2551.452651551405,-0.3321483273903429,0.3333333333333333,0.23809523809523808
Confluence,Confluence#14,"{'trig': 'pb', 'k': 1.5, 'mx': 4, 'last_entry': 900, 'max_bars': 999}",MES,ALL,209,0.7517985611510791,0.3827751196172249,-0.005333794599610436,1.0176090320109183,138.63579546194273,1472.2265379402286,0.0916973644685064,0.42857142857142855,0.2679425837320574
Confluence,Confluence#14,"{'trig': 'pb', 'k': 1.5, 'mx': 4, 'last_entry': 900, 'max_bars': 999}",MES,IS,126,0.75,0.38095238095238093,0.026284082745252395,0.9679689632997038,-159.99852283173595,1472.2265379402286,-0.17655907448411046,0.375,0.2777777777777778
Confluence,Confluence#14,"{'trig': 'pb', 'k': 1.5, 'mx': 4, 'last_entry': 900, 'max_bars': 999}",MES,OOS,83,0.7545454545454545,0.3855421686746988,-0.05333201803879969,1.1037686964644529,298.6343182936787,684.1791855392182,0.49116803923804353,0.5,0.25301204819277107
Confluence,Confluence#14,"{'trig': 'pb', 'k': 1.5, 'mx': 4, 'last_entry': 900, 'max_bars': 999}",MGC,ALL,216,0.7854545454545454,0.38425925925925924,-0.026503235551382228,0.9564891679269927,-696.7216332690776,2709.6644279695565,-0.26936756215621593,0.5,0.25
Confluence,Confluence#14,"{'trig': 'pb', 'k': 1.5, 'mx': 4, 'last_entry': 900, 'max_bars': 999}",MGC,IS,146,0.874251497005988,0.4041095890410959,0.005362798337723656,1.00754724536514,84.741810464803,1708.0664125358014,0.0472388544300659,0.625,0.2534246575342466
Confluence,Confluence#14,"{'trig': 'pb', 'k': 1.5, 'mx': 4, 'last_entry': 900, 'max_bars': 999}",MGC,OOS,70,0.6481481481481481,0.34285714285714286,-0.09296667766294588,0.836665109109943,-781.4634437338801,1319.46039482904,-1.0512979782791776,0.3333333333333333,0.24285714285714285
Confluence,Confluence#15,"{'trig': 'pb', 'k': 1.5, 'mx': 4, 'last_entry': 720, 'max_bars': 999}",MNQ,ALL,145,0.5215827338129496,0.4068965517241379,0.08431234305838299,1.0989552767327417,1300.8863052102186,3151.7868909173767,0.4393388890732066,0.5714285714285714,0.2827586206896552
Confluence,Confluence#15,"{'trig': 'pb', 'k': 1.5, 'mx': 4, 'last_entry': 720, 'max_bars': 999}",MNQ,IS,86,0.5119047619047619,0.47674418604651164,0.3027920770155869,1.367641587063177,2354.777365555542,1604.7489908110097,1.4068565815898932,0.75,0.36046511627906974
Confluence,Confluence#15,"{'trig': 'pb', 'k': 1.5, 'mx': 4, 'last_entry': 720, 'max_bars': 999}",MNQ,OOS,59,0.5363636363636364,0.3050847457627119,-0.23414964203177843,0.8436621983286868,-1053.891060345323,3151.7868909173794,-0.8249788094743339,0.3333333333333333,0.1694915254237288
Confluence,Confluence#15,"{'trig': 'pb', 'k': 1.5, 'mx': 4, 'last_entry': 720, 'max_bars': 999}",MES,ALL,132,0.4748201438848921,0.4090909090909091,0.05843027829663805,1.1472966094678023,783.3839298002966,974.9703951900618,0.5722858691252821,0.5714285714285714,0.2803030303030303
Confluence,Confluence#15,"{'trig': 'pb', 'k': 1.5, 'mx': 4, 'last_entry': 720, 'max_bars': 999}",MES,IS,78,0.4642857142857143,0.3974358974358974,0.032814214927432084,0.9884319379578603,-39.125586745540076,974.9703951900618,-0.049690566562539326,0.375,0.2692307692307692
Confluence,Confluence#15,"{'trig': 'pb', 'k': 1.5, 'mx': 4, 'last_entry': 720, 'max_bars': 999}",MES,OOS,54,0.4909090909090909,0.42592592592592593,0.09543125871882437,1.424805282033384,822.5095165458368,681.5848235336534,1.417740343680641,0.8333333333333334,0.2962962962962963
Confluence,Confluence#15,"{'trig': 'pb', 'k': 1.5, 'mx': 4, 'last_entry': 720, 'max_bars': 999}",MGC,ALL,127,0.4618181818181818,0.33070866141732286,-0.12614608103380848,0.8754265261298474,-1339.7262946967176,2927.5298853855893,-0.5773744127725308,0.42857142857142855,0.25196850393700787
Confluence,Confluence#15,"{'trig': 'pb', 'k': 1.5, 'mx': 4, 'last_entry': 720, 'max_bars': 999}",MGC,IS,82,0.49101796407185627,0.36585365853658536,-0.027685769426849093,1.0149802531910332,104.40588385548284,1753.077572509045,0.06497012158247527,0.625,0.2804878048780488
Confluence,Confluence#15,"{'trig': 'pb', 'k': 1.5, 'mx': 4, 'last_entry': 720, 'max_bars': 999}",MGC,OOS,45,0.4166666666666667,0.26666666666666666,-0.30556264885093454,0.6184530464026327,-1444.132178552201,1860.9478405325588,-2.1639239155925467,0.16666666666666666,0.2
