trend,entry,stop,nw,MNQ_n,MNQ_pf,MNQ_net,MNQ_isR,MNQ_oosR,MES_n,MES_pf,MES_net,MES_isR,MES_oosR,MGC_n,MGC_pf,MGC_net,MGC_isR,MGC_oosR,pooled_n,pooled_R,t,pooled_net
e10,first,mid,9.9,107,1.225211743007963,2480.0699999999997,0.20011616261425125,-0.03975167033391576,103,1.1186103200865052,601.6549999999993,0.04632745849219377,0.049190732203562224,110,1.0413799980057223,414.9999999994121,-0.07933585230292449,0.1598992449460134,320,0.048845801270298556,0.767831613751607,3496.72499999941
e10,first,mid,0.75,83,1.4635323044014665,3189.83,0.27610801542342234,-0.014730987899968268,85,1.2798849994258272,1011.4749999999997,0.14020872324726436,0.03305314481250629,96,0.9789395854699265,-176.600000000484,-0.10234816872299886,0.1429542864788019,264,0.07436564241873823,1.0322958382791136,4024.704999999516
e10,first,cap,9.9,107,1.2537555496989479,2628.5699999999997,0.24236541591298402,-0.009157236093260017,103,1.0025900626291395,12.904999999999674,0.015186429451560433,-0.01663196888034644,110,0.9228284278535017,-774.0000000005565,-0.13979569854946472,0.27666261541315507,320,0.0456487684840807,0.6746820012855635,1867.4749999994417
e10,first,cap,0.75,83,1.4805922431537917,3072.58,0.29327413757663284,0.028969609751865133,85,1.1551607406174873,540.8499999999997,0.11647326311105338,-0.05782862528015654,96,0.9927139557732725,-57.100000000440104,-0.12182594432900758,0.26183604259134613,264,0.07583766824399495,0.9898246237208294,3556.3299999995593
e10,confirm,mid,9.9,43,1.297506960291846,1315.4299999999996,0.03331566096808953,-0.03418281796850131,45,1.53081559153583,941.0749999999996,0.043393663476607246,0.12879018120344907,49,1.3533084955658319,1346.5999999996725,0.12147109693723498,0.1432203662781352,137,0.073771722014389,0.8898887825423567,3603.1049999996717
e10,confirm,mid,0.75,34,0.9883100716158232,-39.910000000000295,0.017011812913152315,-0.1729537469332559,39,1.3075809848260533,462.2649999999999,0.03981652264242476,0.034468721413197144,41,1.4333773959020726,1311.3999999997345,0.19054140826723912,-0.004531445243315382,114,0.0477045583419061,0.5207950606596959,1733.7549999997339
e10,confirm,cap,9.9,43,1.3131269947739688,1274.4299999999996,0.11436734677232901,0.044737813945216066,45,1.2542311130791068,453.5749999999997,0.06440181472153694,-0.035772509863506746,49,1.0376463144574068,166.5999999998179,-0.061703012348546624,0.2945659329615923,137,0.05777467474906911,0.5566209432158685,1894.6049999998172
e10,confirm,cap,0.75,34,1.0440921421962965,140.5899999999997,0.10176315046997798,-0.1354435819028419,39,1.1395165359076547,206.015,0.10787713521891965,-0.17684631368124082,41,1.0620546932741652,209.89999999987447,-0.0025031402790514495,0.1209094408152703,114,0.027152789762034266,0.2342264157514862,556.5049999998736
e20,first,mid,9.9,107,1.1541140934600644,1738.819999999999,0.2144694235622663,-0.04249794564339595,106,0.9540262551064709,-248.31500000000074,-0.01781847723616388,-0.04014982379034577,105,1.2640587070575293,2360.4999999994984,0.03700519439254382,0.2653679368482675,318,0.06259833382703259,0.9708100719819587,3851.0049999994976
e20,first,mid,0.75,84,1.4043007591369636,2915.34,0.3157812552100616,-0.02048500822962346,87,1.0325249102188232,127.74499999999968,0.07659563160198321,-0.10395719580852725,95,1.1779727421032378,1385.4999999995775,0.00940130798457248,0.26275833268258825,266,0.08870154964938244,1.2272398247293248,4428.584999999575
e20,first,cap,9.9,107,1.1753487122952189,1867.319999999999,0.2538694361998178,-0.013560259516012111,106,0.8467308567400057,-803.3150000000004,-0.06835843774042226,-0.09627131225240593,105,1.1384784953800764,1180.9999999995093,-0.024003644217973755,0.3847522258059373,318,0.055866099777880554,0.8230508249574188,2245.0049999995085
e20,first,cap,0.75,84,1.412022418751307,2778.09,0.33219737401219496,0.01991476360952312,87,0.9171111021732429,-309.1300000000003,0.03214761830269031,-0.1849526188435337,95,1.1739185517813484,1235.4999999995948,-0.018209064122806238,0.3813359862970055,266,0.08432147731607081,1.108326298558971,3704.4599999995935
e20,confirm,mid,9.9,43,1.3814198542290526,1620.1799999999996,0.14280605063526775,-0.05514054171492592,46,1.5423975720789078,982.9599999999996,0.07733397088144633,0.10252489297480277,45,1.8713791218799796,2391.499999999722,0.247007344514506,0.0708356141955727,134,0.11274732168457734,1.328007796010712,4994.639999999721
e20,confirm,mid,0.75,35,1.1250192883375,405.0999999999997,0.14994702117668843,-0.16833594053286777,40,1.278258670660779,429.14999999999986,0.07956553015952701,-0.020842703624158,40,1.7864961259376329,1918.4999999997635,0.3067865088732323,-0.07638068784617724,115,0.08429638729950634,0.9258563275455243,2752.749999999763
e20,confirm,cap,9.9,43,1.3287451829274213,1354.6799999999996,0.21850942822164285,0.022651742954516094,46,1.597544163163799,884.2099999999998,0.18162382382638464,-0.022362537104651928,45,1.2693016588162354,920.4999999998271,0.021089552844808557,0.22020478384113568,134,0.1095533834050083,1.0434243812096409,3159.3899999998266
e20,confirm,cap,0.75,35,1.1114747013243607,361.0999999999997,0.23708947112726267,-0.12274504492574388,40,1.3100474871692582,404.1499999999999,0.19286625305017935,-0.19911094304313112,40,1.0834695119996947,260.49999999986176,0.05201903151102364,0.03955030454996671,115,0.06401281777703281,0.5601935868415243,1025.7499999998604
e50,first,mid,9.9,113,0.9014286230188642,-1282.870000000001,0.22516119222955996,-0.17391475630286304,108,0.8080466614508094,-1078.2950000000005,-0.07754432972903552,-0.014307987813116693,107,1.2418292238030209,2253.799999999504,0.052088769229153696,0.3415179760024841,328,0.047065831556488524,0.7482232417495408,-107.36500000049728
e50,first,mid,0.75,88,1.1024995058571636,897.1299999999992,0.329150936744541,-0.16169873434337179,90,0.9445270948126426,-234.72500000000036,-0.026837305788316144,0.02612584870701609,97,1.1566120459499245,1278.7999999995823,0.026659647326191336,0.34906171039070055,275,0.08061194532592339,1.132192130876739,1941.2049999995807
e50,first,cap,9.9,113,0.9204775934153134,-984.120000000001,0.26383754300300905,-0.16830245445473405,108,0.7357412121250593,-1457.0450000000003,-0.11367209157173247,-0.06071318533680103,107,1.2128252349246214,1802.7999999995732,0.049021331543833355,0.45600583207934486,328,0.05319793224667734,0.8011313838162514,-638.3650000004279
e50,first,cap,0.75,88,1.0717060021434939,596.1299999999992,0.34535785948732534,-0.15135005295550663,90,0.8399248054706051,-669.7250000000004,-0.07187412376256715,-0.03155130657280672,97,1.263585143976208,1857.2999999996582,0.06118248916706814,0.46209007340686736,275,0.08924405764740528,1.1863160914622985,1783.7049999996566
e50,confirm,mid,9.9,42,0.9868174698903631,-58.58000000000038,0.17701743914029874,-0.22133627860128685,45,1.125214957008598,234.82499999999993,0.1182088034623101,-0.0364533853276679,45,2.2146266946723676,3180.499999999755,0.26506356948973964,0.21401272921483583,132,0.10907782214144995,1.2802394186844703,3356.7449999997543
e50,confirm,mid,0.75,36,0.8823344321971955,-486.1400000000003,0.15022409190784936,-0.2713050679067391,40,1.0952944719961588,159.77499999999986,0.1006985876555141,-0.058481181979419566,40,2.170405913629731,2707.4999999997963,0.3269261444225314,0.08725030074726628,116,0.09094940050993597,0.9761743415670879,2381.1349999997956
e50,confirm,cap,9.9,42,1.1045045133776217,424.4199999999996,0.2500591141062162,-0.1379025802061332,45,1.2483293219991805,387.94999999999993,0.17935789125774002,-0.12182896459200117,45,1.442129992169078,1411.4999999998586,0.0206934743893111,0.4276039318690411,132,0.10442604045652763,0.9921862494335681,2223.869999999857
e50,confirm,cap,0.75,36,0.9600964256381269,-149.6400000000003,0.23725700736583644,-0.22814191658483576,40,1.1503849690515076,219.14999999999964,0.16838008129399742,-0.17675398665971856,40,1.259558594964202,751.4999999998927,0.051577251695276466,0.27657790229614426,116,0.06988526381578132,0.6078552497800949,821.0099999998918
none,first,mid,9.9,206,0.9165708304022241,-2084.940000000002,0.029878809655632395,-0.10470687058319479,204,1.0145529426181648,151.41499999999894,0.005576637307025457,-0.03981173815993137,189,1.0695212196861117,1247.599999999126,0.03824035069343513,0.042599198266824755,599,-0.00010498328822995934,-0.0022823605138127777,-685.9250000008765
none,first,mid,0.75,159,1.060319510188537,988.3399999999986,0.10076280964870077,-0.10195955461809007,171,1.0184990502623277,149.83499999999924,0.045743069376728764,-0.09566350609856836,162,0.8931011769715014,-1606.7000000007151,0.011603262501936893,0.0024644174848135136,492,0.005197067344606032,0.0993885878991716,-468.525000000717
none,first,cap,9.9,206,0.8845268731277989,-2741.190000000002,0.02039170292695898,-0.10309069306751298,204,1.0234891090180118,225.78999999999894,0.015384732781625452,0.01969768915259396,189,1.1074523920251247,1779.0999999992582,0.028005809277158428,0.17514430199127737,599,0.02200956724769412,0.44438670186083795,-736.3000000007432
none,first,cap,0.75,159,0.9930321855826647,-108.66000000000133,0.07006095705162448,-0.0973110860243348,171,1.0358631719139644,264.83499999999935,0.06173507937022845,-0.031366552987477155,162,1.0098971385823394,132.29999999942652,0.03212167119219367,0.14000278518561843,492,0.033523509882408674,0.592982532485259,288.4749999994242
none,confirm,mid,9.9,84,0.8875246532665799,-1275.1600000000008,-0.05343712693755355,-0.09689247406502478,92,0.9456374775226046,-277.8300000000004,-0.025273035648404517,-0.09405634948999822,74,1.1895685435507615,1169.599999999543,0.12433604352890677,0.051462050797012764,250,-0.013048905110820993,-0.20492669262666272,-383.39000000045826
none,confirm,mid,0.75,66,0.948021873386056,-405.5900000000006,0.00723288181127598,-0.1430315556442644,80,0.96272670358544,-154.20000000000044,0.029630059056166086,-0.17911566945269547,62,1.3620627094404745,1696.2999999996437,0.22502468602253897,-0.06042619750872446,208,0.0014021995172303135,0.019519060506808173,1136.5099999996423
none,confirm,cap,9.9,84,1.0881160210451708,808.0899999999992,-0.022683384977930227,0.14150723195483197,92,0.9809745342132582,-75.33000000000013,-0.00842388349135755,0.018123802301043997,74,0.8925855790239977,-737.4000000002875,-0.11874074867197944,0.2548796592232254,250,0.017063966847389988,0.22169850313087047,-4.6400000002881825
none,confirm,cap,0.75,66,1.1741081279882308,1136.1599999999994,0.04314224145391624,0.11528408537110088,80,1.0131993621616195,42.04999999999984,0.07433236844624228,-0.062175576132969014,62,0.9420136660500246,-307.2000000001931,-0.038843573747516645,0.1309855863209516,208,0.03698902488842398,0.4230559551792255,871.0099999998067
long,first,mid,9.9,120,0.9079241028334016,-1192.300000000001,0.08230608385753331,-0.1082625917229785,109,1.1306360565407176,615.4649999999995,0.01342080372583978,0.046431314542135366,110,0.8664091945465056,-1435.5000000005857,-0.0010373532870493628,-0.14789638911279485,339,-0.009517436785192174,-0.161910358102788,-2012.3350000005871
long,first,mid,0.75,94,0.9049571922053452,-920.0600000000009,0.10766633370682212,-0.14276062692502162,93,1.0623559243891194,259.6799999999996,0.006478995168937765,0.034036125667668504,97,0.7444696189494949,-2481.2000000005078,-0.04265730757668488,-0.19135245971339554,284,-0.02639045077327337,-0.39591910941721753,-3141.58000000051
long,first,cap,9.9,120,0.9735273113779417,-318.8000000000011,0.11673407953377249,-0.10042993215098371,109,1.1983025594396781,881.0899999999992,0.047617521684564436,0.06862423312526089,110,0.8716964795245267,-1304.0000000004843,0.007772561450654192,0.01089221149770289,339,0.027576282684375057,0.4353852196153057,-741.7100000004859
long,first,cap,0.75,94,0.9733076735568881,-239.8100000000008,0.14673847840468654,-0.13012643819912478,93,1.1232882280389551,485.3049999999994,0.041276177963680216,0.05711218334410441,97,0.8850272402779982,-979.2000000003878,0.01638608870270328,-0.011650066140884034,284,0.02579532757665439,0.35707448606942577,-733.7050000003892
long,confirm,mid,9.9,45,0.7655186913922881,-1394.0500000000004,0.040444512097566596,-0.20175779601675137,50,0.8172003867366551,-467.0000000000001,-0.07361014346313374,0.042218020400075246,39,1.652358470134577,1506.099999999768,0.26316440957140674,-0.017758801409131875,134,0.028094215310117444,0.3324856209549624,-354.9500000002331
long,confirm,mid,0.75,36,0.7452096087247359,-1203.6400000000003,0.07271548778965987,-0.30069118567433284,44,0.8377017269605815,-351.43500000000006,-0.06832556141043236,0.03298746534030531,32,1.7263678972035246,1379.2999999998292,0.3492753109208912,-0.20382159234058866,112,0.030377525905701443,0.3157071534697174,-175.77500000017216
long,confirm,cap,9.9,45,0.9501213153683342,-241.5500000000004,0.028972411395916976,-0.03405115984925625,50,0.9876035047178893,-25.7500000000002,-0.07360150901094711,0.14660512491406752,39,1.0506203144695334,152.59999999986374,0.10254592778912676,0.16749352453536792,134,0.039968385464374416,0.39310188827406295,-114.70000000013681
long,confirm,cap,0.75,36,0.88543551772991,-443.1400000000003,0.05246071550605231,-0.16908727158708073,44,0.9600697773013142,-73.93500000000014,-0.06708187361905173,0.13804358447186826,32,1.0068126148193248,17.79999999993285,0.15972189224714015,0.011490614316022496,112,0.02929053280076208,0.2516798026546895,-499.2750000000682
