sym,window,n,hit,R
MNQ,09:30-11:30,12788,0.3216296527994995,-0.026701910293985925
MNQ,11:30-13:30,13320,0.30157657657657655,-0.058823192468693226
MNQ,13:30-16:00,13750,0.28792727272727275,-0.04065815926759445
MES,09:30-11:30,12788,0.3154519862370973,-0.08983437605817107
MES,11:30-13:30,13320,0.293018018018018,-0.14262929350795361
MES,13:30-16:00,13750,0.2781090909090909,-0.13389684398168367
MGC,09:30-11:30,12650,0.31976284584980236,-0.03996056892251492
MGC,11:30-13:30,13188,0.30421595389748257,-0.06822308184628413
MGC,13:30-16:00,13630,0.2674247982391783,-0.05033445989698645
