strategy,sym,group,n,win,tgt,avgR,totR,pfR,t,usd,isR,oosR
confluence_pb,AAPL,Stock,304,0.2730263157894737,0.23355263157894737,-0.27659841250254685,-84.08591740077424,0.6414837714494238,-3.693651952581474,-31256.71246162663,-0.22797076453166684,-0.3197894290232664
confluence_pb,AMD,Stock,292,0.3356164383561644,0.2910958904109589,-0.08795176175120038,-25.681914431350513,0.8738077988096673,-1.0870318069690945,-4294.8285374394745,-0.2466045036453316,0.060194176043981834
confluence_pb,AMZN,Stock,256,0.30859375,0.265625,-0.17456592823690803,-44.688877628648456,0.7614669579244208,-2.063645833786434,-23583.202682329123,-0.1966153185189423,-0.14996536883133252
confluence_pb,AVGO,Stock,302,0.2847682119205298,0.2582781456953642,-0.20487427166774416,-61.87203004365874,0.723063237279399,-2.671031296771698,-42639.90213041743,-0.29236657901122437,-0.08753962693579015
confluence_pb,DIA,ETF,244,0.3237704918032787,0.2581967213114754,-0.165082755491471,-40.280192339918926,0.7710443325223499,-1.9098428261545426,-11716.09095664568,-0.22117254671928666,-0.09787606870498922
confluence_pb,GOOGL,Stock,278,0.3129496402877698,0.2805755395683453,-0.1584547849231564,-44.05043020863748,0.7823860840114822,-1.9328040927451284,-18845.228626285898,-0.16059286484383076,-0.1563167050024821
confluence_pb,IWM,ETF,270,0.3333333333333333,0.28888888888888886,-0.12431728838934557,-33.5656678651233,0.8283646118505132,-1.470147773309102,-17298.35939930155,-0.21253707706598887,-0.029311362122191185
confluence_pb,META,Stock,256,0.34375,0.30078125,-0.03516431797330208,-9.002065401165332,0.9473711311453686,-0.40574627909783945,-3795.4083499361273,-0.02745856271400819,-0.04240305776233576
confluence_pb,MSFT,Stock,264,0.3446969696969697,0.32196969696969696,-0.03407969135781718,-8.997038518463736,0.9498847767449203,-0.3923375873187414,781.9698534057757,-0.06869079333641562,0.002141229317460232
confluence_pb,NVDA,Stock,253,0.2608695652173913,0.23715415019762845,-0.3109123283096973,-78.66081906235341,0.6104999938745067,-3.775888337514669,-48392.647245928645,-0.4857712749890281,-0.11401233793129106
confluence_pb,QQQ,ETF,305,0.3344262295081967,0.2983606557377049,-0.051420383083679244,-15.683216840522169,0.9249437749946094,-0.6427843661905516,-665.8623834950827,-0.17655074809582177,0.08485172675831157
confluence_pb,SPY,ETF,289,0.31141868512110726,0.2837370242214533,-0.14865332094716313,-42.960809753730146,0.7950022520842734,-1.8454953366686637,-8825.200467468378,-0.19960230213253788,-0.09805571204582547
confluence_pb,TSLA,Stock,284,0.3028169014084507,0.27816901408450706,-0.12871093320915472,-36.55390503139994,0.8173651014615724,-1.5990442467145418,-31272.61545609825,-0.14690998511906603,-0.11222185933104721
h2l2_trend,AAPL,Stock,60,0.26666666666666666,0.25,-0.24712605410440797,-14.827563246264479,0.6778324363040356,-1.4293322054526363,-8747.709999999657,-0.32883420685132114,-0.17068939508310213
h2l2_trend,AMD,Stock,56,0.32142857142857145,0.32142857142857145,-0.06393078159186494,-3.5801237691444365,0.9091053825293242,-0.335471713440859,-3706.1200000000035,-0.15518442702656915,0.021029508985273455
h2l2_trend,AMZN,Stock,59,0.3220338983050847,0.2542372881355932,-0.1542563825751732,-9.10112657193522,0.7839059786096132,-0.8802324056007822,-4738.200000000348,-0.2725038390536386,-0.031931427597450414
h2l2_trend,AVGO,Stock,55,0.34545454545454546,0.34545454545454546,0.016754563135145582,0.921500972433007,1.0249587114993925,0.08580935725199859,788.6100000003462,-0.14714235983239388,0.0900768707785185
h2l2_trend,DIA,ETF,58,0.29310344827586204,0.27586206896551724,-0.19413142346887893,-11.259622561194979,0.73984006124499,-1.0816508797408408,-6036.339999999444,-0.11581237201473181,-0.24941545978945345
h2l2_trend,GOOGL,Stock,66,0.30303030303030304,0.24242424242424243,-0.1841717008873525,-12.155332258565265,0.7459646765699883,-1.1263952840572513,-12931.22999999976,-0.010826502564454292,-0.3200368563296242
h2l2_trend,IWM,ETF,64,0.265625,0.203125,-0.2940429818447293,-18.818750838062677,0.62278329970126,-1.8118712231107719,-7533.929999999611,-0.11335980103666286,-0.4437519030856987
h2l2_trend,META,Stock,65,0.36923076923076925,0.3384615384615385,0.05991228085812269,3.894298255777975,1.093417116851453,0.3363624265660409,1551.4200000005126,0.5355609893459232,-0.2571868581337443
h2l2_trend,MSFT,Stock,72,0.3611111111111111,0.3611111111111111,0.05654849074478294,4.071491333624372,1.0855162291211582,0.3281669119944735,961.6400000002257,0.10451077704937767,0.005845502365639969
h2l2_trend,NVDA,Stock,63,0.20634920634920634,0.19047619047619047,-0.43884902142742344,-27.647488349927677,0.4750339750798372,-2.8591069523844768,-23964.67000000012,-0.7707585496340603,-0.15574971795705692
h2l2_trend,QQQ,ETF,78,0.3333333333333333,0.32051282051282054,-0.03734049144376487,-2.91255833261366,0.9453838871754926,-0.2330104473552677,3189.7000000000003,-0.27042208331527956,0.1957411004277499
h2l2_trend,SPY,ETF,64,0.359375,0.328125,0.008975021308936404,0.5744013637719299,1.0134263459496693,0.050060856885346394,-870.3499999998419,-0.10888913295034582,0.1066338919809131
h2l2_trend,TSLA,Stock,60,0.3333333333333333,0.31666666666666665,-0.02566546016250889,-1.5399276097505334,0.96230831632389,-0.13982770476526474,-255.50999999940314,0.01611081686664506,-0.07340977676725628
ib_trend,AAPL,Stock,63,0.4444444444444444,0.15873015873015872,0.09266161250233401,5.837681587647043,1.2400026390762335,0.688021193600004,4894.9199999999455,0.13690786513452316,0.0572646103965827
ib_trend,AMD,Stock,63,0.47619047619047616,0.06349206349206349,0.05609015031182872,3.5336794696452096,1.169517964530279,0.4967522815563225,3515.105000000005,0.048333962991517675,0.06462195636417087
ib_trend,AMZN,Stock,56,0.48214285714285715,0.07142857142857142,-0.024146805892971634,-1.3522211300064115,0.9453958300291472,-0.18440994290824692,-1270.3600000002853,0.051579584137835505,-0.11152340977467222
ib_trend,AVGO,Stock,51,0.45098039215686275,0.058823529411764705,-0.018754746965418265,-0.9564920952363315,0.9517419963104577,-0.14603731834059835,-856.7649999999871,-0.013717805422458798,-0.025394351726592147
ib_trend,DIA,ETF,84,0.38095238095238093,0.05952380952380952,-0.18883256367475687,-15.861935348679577,0.6109985729138941,-1.8964184075057453,-13834.444999998723,-0.16478274442321655,-0.21658235511884172
ib_trend,GOOGL,Stock,49,0.4489795918367347,0.061224489795918366,0.0016597707009932887,0.08132876434867115,1.0050217326578879,0.013672252912990993,84.15999999993477,-0.09625198119697038,0.09565505252303844
ib_trend,IWM,ETF,80,0.425,0.0875,-0.11658560316103897,-9.326848252883117,0.7640800746883385,-1.0272978520829745,-8850.800000000316,-0.0864540939998387,-0.14671711232223922
ib_trend,META,Stock,48,0.5,0.08333333333333333,0.08317655394560952,3.992474589389257,1.2487452534019707,0.6246653878347465,3982.7950000001747,0.08338410168114337,0.08302830556308535
ib_trend,MSFT,Stock,63,0.5555555555555556,0.12698412698412698,0.2194125559949669,13.822991027682914,1.7811093925659658,1.81912689841098,13813.300000000472,0.3622954895679714,0.11225035581521355
ib_trend,NVDA,Stock,56,0.48214285714285715,0.03571428571428571,0.09503722803319922,5.322084769859156,1.358955818949419,0.8901894817549704,5317.689999999584,-0.047520394061197437,0.2019554446039967
ib_trend,QQQ,ETF,76,0.47368421052631576,0.09210526315789473,0.038499249258015115,2.9259429436091486,1.095184471631868,0.33190275751065057,2832.9100000003027,-0.1346514045868823,0.21164990310291268
ib_trend,SPY,ETF,91,0.5054945054945055,0.13186813186813187,0.09495549517611544,8.640950061026505,1.2277985901232882,0.8446316850409671,5521.785000000802,0.0314301910943684,0.16586746252318194
ib_trend,TSLA,Stock,52,0.4230769230769231,0.057692307692307696,-0.06663775762190743,-3.4651633963391864,0.8339949715235194,-0.5387577310495463,-3449.4199999997713,-0.13491968239115945,-0.0203822601975754
orb2nd,AAPL,Stock,18,0.5555555555555556,0.05555555555555555,-0.018119627954763202,-0.32615330318573765,0.9269013070884532,-0.11232213145449714,-450.2900000001111,-0.3009446265660062,0.3354116203092905
orb2nd,AMD,Stock,38,0.3684210526315789,0.02631578947368421,-0.05849946880001138,-2.2229798144004325,0.7818526394475437,-0.5583873836733868,-2232.3499999999826,-0.2720293174177692,0.17875591855305284
orb2nd,AMZN,Stock,34,0.47058823529411764,0.029411764705882353,0.013159078215271854,0.447408659319243,1.0600073637654313,0.119324466073725,450.939999999704,0.04526953071352931,-0.006718820950316126
orb2nd,AVGO,Stock,32,0.5625,0.03125,0.15919507624768528,5.094242439925929,2.040374741659562,1.4090302371781056,5081.629999999904,-0.028588626776393223,0.43364818066749233
orb2nd,DIA,ETF,80,0.5125,0.05,-0.004245524070077539,-0.3396419256062031,0.9864370745177123,-0.047822448222912685,-978.7299999986644,-0.037057946141519894,0.028566898001364787
orb2nd,GOOGL,Stock,28,0.2857142857142857,0.0,-0.25813338515459894,-7.227734784328771,0.27090775868014594,-2.6569509344079814,-7222.380000000063,-0.3175557666005046,-0.19871100370869327
orb2nd,IWM,ETF,68,0.5882352941176471,0.058823529411764705,0.21099794180148496,14.347860042500978,2.1699109057870545,2.3391138242571197,13171.01999999972,0.2476302676521465,0.1803059931157957
orb2nd,META,Stock,33,0.5757575757575758,0.0,0.09645131792469293,3.1828934915148666,1.5050433230540998,0.8676327324327713,3186.9000000002075,0.055424396152386576,0.14004242230776842
orb2nd,MSFT,Stock,27,0.4444444444444444,0.0,-0.09171886285338458,-2.476409297041384,0.6489521845589954,-0.8985623445259343,-2474.4599999995935,-0.08123551839077206,-0.10300861842850573
orb2nd,NVDA,Stock,38,0.42105263157894735,0.0,-0.09409740034901025,-3.5757012132623895,0.6665151870309817,-0.999005141397983,-3572.4600000003097,-0.2012014258155543,0.013006625117533808
orb2nd,QQQ,ETF,86,0.6046511627906976,0.09302325581395349,0.1751517795688863,15.063053042924222,1.733838192725029,1.9502517647968276,11973.980000000778,0.10884076728356216,0.23017581103968723
orb2nd,SPY,ETF,109,0.4036697247706422,0.03669724770642202,-0.14114420771496142,-15.384718640930796,0.6341393713265892,-1.910060818803154,-4920.229999998708,-0.229750168861281,-0.06323206946561147
orb2nd,TSLA,Stock,36,0.3611111111111111,0.027777777777777776,0.036538266077547475,1.315377578791709,1.141527023573193,0.28009044242814846,1329.8600000001868,0.019623819915537327,0.05345271223955763
confluence_pb,ALL ETFs,ETF,1108,0.32581227436823107,0.2833935018050541,-0.11957571010766654,-132.48988679929454,0.832294261064573,-2.8913090792222427,-38505.51320691069,-0.2013636110368484,-0.031023396319680215
confluence_pb,ALL Stocks,Stock,2489,0.30695058256327845,0.27360385697067097,-0.15813298422115382,-393.59299772645187,0.7818121473603771,-5.814700814191768,-203298.5756366558,-0.21002404006423228,-0.10501848071998651
h2l2_trend,ALL ETFs,ETF,264,0.3143939393939394,0.2840909090909091,-0.12278988775795223,-32.41653036809939,0.8287354567345759,-1.4464239664714333,-11250.919999998892,-0.163398159200601,-0.08842904269109558
h2l2_trend,ALL Stocks,Stock,556,0.3147482014388489,0.29136690647482016,-0.10784940871178464,-59.96427124375226,0.8482369260346385,-1.8405935709740506,-51041.7699999982,-0.11235016686472205,-0.10400876175461139
ib_trend,ALL ETFs,ETF,331,0.4471299093655589,0.09365558912386707,-0.04115374802696991,-13.62189059692704,0.9085669387897729,-0.7429137351837074,-14330.54999999794,-0.08468708456614116,0.0053725053992694
ib_trend,ALL Stocks,Stock,501,0.4750499001996008,0.08183632734530938,0.05352567582233598,26.816363586990324,1.1528902578737485,1.2977608633001168,26031.425000000076,0.04976195798694158,0.05687751510215892
orb2nd,ALL ETFs,ETF,343,0.5160349854227405,0.05830903790087463,0.03990248547780818,13.686552518888206,1.1370256288341412,0.9268611593522614,19246.040000003126,-0.007939430039196659,0.08222417997362014
orb2nd,ALL Stocks,Stock,284,0.44366197183098594,0.017605633802816902,-0.020384000854461147,-5.789056242666966,0.9176413720513122,-0.539494905928779,-5902.610000000061,-0.11468870979718195,0.07661512834376595
confluence_pb,ALL,ALL,3597,0.3127606338615513,0.276619405059772,-0.146256014602654,-526.0828845257464,0.7971870983794874,-6.436308686666748,-241804.08884356648,-0.20730556206980552,-0.08267717260366247
h2l2_trend,ALL,ALL,820,0.3146341463414634,0.2890243902439024,-0.11265951416079469,-92.38080161185164,0.8419206694521377,-2.3376052249030943,-62292.6899999971,-0.1287342705056805,-0.09897964250837492
ib_trend,ALL,ALL,832,0.4639423076923077,0.08653846153846154,0.0158587415745953,13.19447299006329,1.0406761927670205,0.47735300054418756,11700.875000002134,-0.006726460383026845,0.03748739380224758
orb2nd,ALL,ALL,627,0.48325358851674644,0.03987240829346093,0.012595687840863219,7.897496276221238,1.046408363674603,0.4326176219555151,13343.430000003069,-0.058339089990507735,0.07978546187368354
