strategy,sym,part,n,win,pf,net,dd,avgR,tgt,sharpe
ALL,ALL,ALL,511,0.46771037181996084,1.569680458456604,124918.06020196421,15459.355689832984,0.14980588989998259,0.24853228962818003,3.032969005247726
ALL,ALL,IS,306,0.49019607843137253,1.8529237618652852,96002.48235206805,7084.580438463861,0.2163664572577148,0.2679738562091503,4.825620208342345
ALL,ALL,OOS,205,0.43414634146341463,1.2709468350411672,28915.577849896155,15459.355689833003,0.050452067405026134,0.21951219512195122,1.4200940089601501
confluence_pb,ALL,ALL,249,0.3895582329317269,1.2782901157865458,24227.027701968924,7084.580438463869,0.09491838569052605,0.3333333333333333,1.3781089226562668
confluence_pb,ALL,IS,156,0.41025641025641024,1.3913283752487577,21286.742352070483,7084.580438463869,0.1367853741101648,0.33974358974358976,1.761768500507261
confluence_pb,ALL,OOS,93,0.3548387096774194,1.0900254038906545,2940.285349898438,6559.818782793718,0.02468988898661591,0.3225806451612903,0.5726104640732295
h2l2_trend,ALL,ALL,64,0.4375,1.7014443414753428,23373.360000000466,7658.340000000164,0.25556473477830766,0.40625,1.6134767327589552
h2l2_trend,ALL,IS,41,0.4634146341463415,1.66106519208936,13870.060000000489,7658.340000000164,0.33937319289802237,0.43902439024390244,1.6037425532745724
h2l2_trend,ALL,OOS,23,0.391304347826087,1.7700978413954482,9503.299999999976,3293.5,0.10616704856490324,0.34782608695652173,1.6207626428789144
ib_trend,ALL,ALL,107,0.4766355140186916,1.3220267732094853,20809.37249999806,20210.237500000436,0.08454662277803655,0.08411214953271028,0.9106432422013098
ib_trend,ALL,IS,65,0.49230769230769234,1.824580732853094,22227.859999998906,5502.630000000256,0.15152352814987885,0.09230769230769231,2.0203375858180257
ib_trend,ALL,OOS,42,0.4523809523809524,0.9623378210398601,-1418.4875000008506,20210.237500000436,-0.019108111726005125,0.07142857142857142,-0.12516812004678557
orb2nd,ALL,ALL,91,0.6923076923076923,2.6484854248615064,56508.29999999678,7309.500000000342,0.30234615427350015,0.0989010989010989,3.113198557930706
orb2nd,ALL,IS,44,0.7954545454545454,4.777587137870613,38617.81999999818,2004.840000000091,0.4796883482071363,0.11363636363636363,4.358000101320901
orb2nd,ALL,OOS,47,0.5957446808510638,1.7437001268703345,17890.47999999859,7309.500000000349,0.13632367484626634,0.0851063829787234,2.0021665353687816
confluence_pb,GC,ALL,126,0.3968253968253968,1.3299365138250347,14659.394467158225,6177.642815333405,0.08083533784375986,0.30952380952380953,1.1967474776640938
confluence_pb,GC,IS,83,0.40963855421686746,1.4142881624820878,13266.74002382249,6177.642815333405,0.11009491025440737,0.3132530120481928,1.4845896732809116
confluence_pb,GC,OOS,43,0.37209302325581395,1.1122386214413023,1392.6544433357399,4263.569782788991,0.024357558539486825,0.3023255813953488,0.5336040878348005
confluence_pb,NQ,ALL,123,0.3821138211382114,1.224456519458312,9567.633234810695,4911.797107593171,0.10934492250916454,0.35772357723577236,0.9234516919994802
confluence_pb,NQ,IS,73,0.410958904109589,1.358465717300588,8020.002328247996,4911.797107593171,0.16713206589136845,0.3698630136986301,1.3654410271654192
confluence_pb,NQ,OOS,50,0.34,1.07641625750892,1547.6309065626992,4285.811804096695,0.02497569317114691,0.34,0.34548180629100245
h2l2_trend,GC,ALL,26,0.46153846153846156,1.5104151538413402,5904.360000000468,4734.200000000355,0.2938723309373742,0.4230769230769231,0.8377254505008525
h2l2_trend,GC,IS,16,0.5625,1.9313000865519891,5982.5600000004915,1979.6800000003457,0.5511942463958306,0.5,1.3359493760996344
h2l2_trend,GC,OOS,10,0.3,0.9847974680591275,-78.20000000002324,2809.360000000191,-0.11784273379615628,0.3,-0.030605285278269775
h2l2_trend,NQ,ALL,38,0.42105263157894735,1.8030247310839387,17469.0,5733.5,0.22935427424841998,0.39473684210526316,1.3785676301539211
h2l2_trend,NQ,IS,25,0.4,1.5418169328524816,7887.5,5733.5,0.20380771865942496,0.4,1.0904788213882841
h2l2_trend,NQ,OOS,13,0.46153846153846156,2.3314111026193287,9581.5,4163.0,0.2784822657657182,0.38461538461538464,1.7626120268163046
ib_trend,ES,ALL,47,0.46808510638297873,1.6011994630310866,10776.312500000018,4429.75,0.11205787443510076,0.1276595744680851,1.0888178539358973
ib_trend,ES,IS,27,0.4444444444444444,1.4607132983135196,4166.0,4429.75,0.08655625898977701,0.1111111111111111,0.9805367865524828
ib_trend,ES,OOS,20,0.5,1.744221229286145,6610.312500000018,4290.937499999982,0.14648505528628772,0.15,1.2654150527049879
ib_trend,GC,ALL,31,0.5806451612903226,1.7043630446339755,12267.059999998026,3989.040000000491,0.19456500655012215,0.06451612903225806,1.1427376256346309
ib_trend,GC,IS,21,0.5714285714285714,1.9493091003544345,9648.359999998907,3989.040000000491,0.2830363873067743,0.09523809523809523,1.4823158590041368
ib_trend,GC,OOS,10,0.6,1.3610874403288027,2618.6999999991176,3157.5800000003,0.008775106961152596,0.0,0.6175895244995747
ib_trend,NQ,ALL,29,0.3793103448275862,0.9237008828702681,-2233.9999999999854,17647.499999999985,-0.07764643669840039,0.034482758620689655,-0.15905617468600097
ib_trend,NQ,IS,17,0.47058823529411764,2.0855428682020514,8413.5,3778.5,0.09224977668093431,0.058823529411764705,1.2276898910559995
ib_trend,NQ,OOS,12,0.25,0.5054345301686102,-10647.499999999985,17647.499999999985,-0.3183327389857911,0.0,-1.5482255845347863
orb2nd,GC,ALL,50,0.64,1.9350578525404412,19957.799999996772,5569.360000000546,0.25406215126376874,0.1,1.743654913412025
orb2nd,GC,IS,27,0.7407407407407407,2.9662164303789944,17369.319999998177,3104.520000000328,0.41615569872337366,0.1111111111111111,2.477939855089752
orb2nd,GC,OOS,23,0.5217391304347826,1.206912208114313,2588.4799999985935,4294.5200000003815,0.06377842163727601,0.08695652173913043,0.5841043966660958
orb2nd,NQ,ALL,41,0.7560975609756098,3.825705450328566,36550.5,3738.5,0.3612290847731725,0.0975609756097561,2.6504467600904387
orb2nd,NQ,IS,17,0.8823529411764706,16.297696184305256,21248.5,714.5,0.5805931444460529,0.11764705882352941,3.501632448980618
orb2nd,NQ,OOS,24,0.6666666666666666,2.325307465789018,15302.0,3738.5,0.20584620917154875,0.08333333333333333,2.124969539516495
ALL,ES,ALL,47,0.46808510638297873,1.6011994630310866,10776.312500000018,4429.75,0.11205787443510076,0.1276595744680851,1.0888178539358973
ALL,ES,IS,27,0.4444444444444444,1.4607132983135196,4166.0,4429.75,0.08655625898977701,0.1111111111111111,0.9805367865524828
ALL,ES,OOS,20,0.5,1.744221229286145,6610.312500000018,4290.937499999982,0.14648505528628772,0.15,1.2654150527049879
ALL,GC,ALL,233,0.48068669527896996,1.557086060039936,52788.61446715349,10133.110523168114,0.1569122572486167,0.2446351931330472,2.38657748124722
ALL,GC,IS,147,0.5102040816326531,1.8054233922976328,46266.98002382007,6925.591725765757,0.23902689450627512,0.2653061224489796,3.2725204976220343
ALL,GC,OOS,86,0.43023255813953487,1.1747764023277987,6521.634443333427,10133.110523168136,0.016553516819828445,0.20930232558139536,0.8303947622711332
ALL,NQ,ALL,231,0.45454545454545453,1.5755762481439208,61353.13323481071,11123.292388048867,0.15031832771218034,0.27705627705627706,2.247696682133441
ALL,NQ,IS,132,0.4772727272727273,1.9891332228141834,45569.502328247996,5890.9041189226555,0.21768305633116897,0.30303030303030304,3.4568135441701453
ALL,NQ,OOS,99,0.42424242424242425,1.2607824095750855,15783.630906562714,11123.292388048867,0.06049868955352885,0.24242424242424243,1.1669909648663968
