symbol,strat,entry_id,side,qty,entry_time_et,entry_price,exit_time_et,exit_price,reason,R_points,R_result,pnl
GC,sv2_orb2nd,GC-orb2nd-20250910-0650,Short,1,2025-09-10 10:50:00,3970.4365,2025-09-10 11:30:00,3969.7365,window,8.1,+0.09R,65.16
GC,sv2_orb2nd,GC-orb2nd-20250912-0670,Short,1,2025-09-12 11:10:00,3969.2365,2025-09-12 11:30:00,3968.6365,window,7.1,+0.08R,55.16
GC,sv2_orb2nd,GC-orb2nd-20250916-0635,Short,1,2025-09-16 10:35:00,4016.4365,2025-09-16 11:30:00,4007.0365,window,7.2,+1.31R,935.16
NQ,sv2_orb2nd,NQ-orb2nd-20250919-0675,Short,1,2025-09-19 11:15:00,25712.5,2025-09-19 11:30:00,25704.5,window,48.25,+0.17R,155.5
NQ,sv2_orb2nd,NQ-orb2nd-20251001-0620,Long,1,2025-10-01 10:20:00,25840.25,2025-10-01 11:30:00,25873.75,window,102.25,+0.33R,665.5
GC,sv2_orb2nd,GC-orb2nd-20251001-0680,Short,1,2025-10-01 11:20:00,4190.4365,2025-10-01 11:30:00,4186.9365,window,9.5,+0.37R,345.16
GC,sv2_orb2nd,GC-orb2nd-20251010-0670,Long,1,2025-10-10 11:10:00,4337.5365,2025-10-10 11:30:00,4342.1365,window,11.6,+0.40R,455.16
NQ,sv2_orb2nd,NQ-orb2nd-20251015-0600,Long,1,2025-10-15 10:00:00,26002.25,2025-10-15 11:30:00,26042.5,window,86.75,+0.46R,800.5
GC,sv2_orb2nd,GC-orb2nd-20251020-0620,Long,1,2025-10-20 10:20:00,4672.2365,2025-10-20 11:30:00,4694.4365,window,20.4,+1.09R,2215.16
NQ,sv2_orb2nd,NQ-orb2nd-20251022-0630,Short,1,2025-10-22 10:30:00,26117.75,2025-10-22 11:30:00,26017.0,window,102.5,+0.98R,2010.5
GC,sv2_orb2nd,GC-orb2nd-20251103-0680,Short,1,2025-11-03 11:20:00,4319.8365,2025-11-03 11:30:00,4318.5365,window,13.5,+0.10R,125.16
GC,sv2_orb2nd,GC-orb2nd-20251119-0655,Short,1,2025-11-19 10:55:00,4406.6365,2025-11-19 11:30:00,4388.5365,window,17.3,+1.05R,1805.16
GC,sv2_orb2nd,GC-orb2nd-20251120-0660,Short,1,2025-11-20 11:00:00,4382.0365,2025-11-20 11:30:00,4375.5365,window,19.0,+0.34R,645.16
NQ,sv2_orb2nd,NQ-orb2nd-20251120-0665,Short,1,2025-11-20 11:05:00,26089.75,2025-11-20 11:25:00,25886.25,target,101.75,+2.00R,4065.5
NQ,sv2_orb2nd,NQ-orb2nd-20251121-0605,Short,1,2025-11-21 10:05:00,25095.25,2025-11-21 11:30:00,25130.75,window,130.25,-0.27R,-714.5
NQ,sv2_orb2nd,NQ-orb2nd-20251126-0665,Long,1,2025-11-26 11:05:00,26291.25,2025-11-26 11:30:00,26323.25,window,85.75,+0.37R,635.5
GC,sv2_orb2nd,GC-orb2nd-20251210-0655,Short,1,2025-12-10 10:55:00,4501.1365,2025-12-10 11:30:00,4510.7365,stop,9.5,-1.01R,-964.84
GC,sv2_orb2nd,GC-orb2nd-20251211-0635,Long,1,2025-12-11 10:35:00,4559.1365,2025-12-11 11:30:00,4573.3365,window,15.2,+0.93R,1415.16
GC,sv2_orb2nd,GC-orb2nd-20251212-0620,Short,1,2025-12-12 10:20:00,4648.6365,2025-12-12 10:35:00,4617.8365,target,15.4,+2.00R,3075.16
GC,sv2_orb2nd,GC-orb2nd-20251216-0620,Short,1,2025-12-16 10:20:00,4638.1365,2025-12-16 10:35:00,4649.5365,stop,11.3,-1.01R,-1144.84
GC,sv2_orb2nd,GC-orb2nd-20251217-0680,Short,1,2025-12-17 11:20:00,4646.5365,2025-12-17 11:30:00,4647.8365,window,13.7,-0.09R,-134.84
NQ,sv2_orb2nd,NQ-orb2nd-20251223-0665,Long,1,2025-12-23 11:05:00,26490.25,2025-12-23 11:30:00,26494.0,window,102.5,+0.04R,70.5
GC,sv2_orb2nd,GC-orb2nd-20251226-0635,Long,1,2025-12-26 10:35:00,4875.6365,2025-12-26 11:30:00,4883.4365,window,18.5,+0.42R,775.16
NQ,sv2_orb2nd,NQ-orb2nd-20260102-0615,Short,1,2026-01-02 10:15:00,26350.5,2026-01-02 11:00:00,26153.5,target,98.5,+2.00R,3935.5
NQ,sv2_orb2nd,NQ-orb2nd-20260109-0625,Long,1,2026-01-09 10:25:00,26552.25,2026-01-09 11:30:00,26618.0,window,147.0,+0.45R,1310.5
GC,sv2_orb2nd,GC-orb2nd-20260113-0620,Short,1,2026-01-13 10:20:00,4921.3365,2026-01-13 11:30:00,4912.3365,window,16.7,+0.54R,895.16
GC,sv2_orb2nd,GC-orb2nd-20260116-0625,Short,1,2026-01-16 10:25:00,4896.3365,2026-01-16 10:35:00,4861.9365,target,17.2,+2.00R,3435.16
GC,sv2_orb2nd,GC-orb2nd-20260127-0640,Long,1,2026-01-27 10:40:00,5412.7365,2026-01-27 11:30:00,5429.5365,window,24.9,+0.67R,1675.16
GC,sv2_orb2nd,GC-orb2nd-20260212-0650,Long,1,2026-02-12 10:50:00,5393.9365,2026-02-12 11:10:00,5373.9365,stop,19.9,-1.01R,-2004.84
GC,sv2_orb2nd,GC-orb2nd-20260220-0605,Short,1,2026-02-20 10:05:00,5341.7365,2026-02-20 10:10:00,5300.7365,target,20.5,+2.00R,4095.16
NQ,sv2_orb2nd,NQ-orb2nd-20260305-0635,Short,1,2026-03-05 10:35:00,25703.5,2026-03-05 11:30:00,25697.0,window,144.5,+0.04R,125.5
NQ,sv2_orb2nd,NQ-orb2nd-20260309-0645,Long,1,2026-03-09 10:45:00,25250.75,2026-03-09 11:30:00,25361.25,window,176.0,+0.63R,2205.5
GC,sv2_orb2nd,GC-orb2nd-20260309-0645,Long,1,2026-03-09 10:45:00,5419.9365,2026-03-09 11:30:00,5405.3365,window,39.8,-0.37R,-1464.84
NQ,sv2_orb2nd,NQ-orb2nd-20260310-0640,Long,1,2026-03-10 10:40:00,25823.25,2026-03-10 11:30:00,25876.25,window,125.25,+0.42R,1055.5
GC,sv2_orb2nd,GC-orb2nd-20260310-0675,Long,1,2026-03-10 11:15:00,5537.8365,2026-03-10 11:30:00,5539.9365,window,16.9,+0.12R,205.16
GC,sv2_orb2nd,GC-orb2nd-20260311-0605,Long,1,2026-03-11 10:05:00,5495.4365,2026-03-11 11:20:00,5477.0365,stop,18.3,-1.01R,-1844.84
NQ,sv2_orb2nd,NQ-orb2nd-20260311-0625,Short,1,2026-03-11 10:25:00,25748.75,2026-03-11 11:30:00,25662.25,window,83.5,+1.04R,1725.5
NQ,sv2_orb2nd,NQ-orb2nd-20260313-0645,Short,1,2026-03-13 10:45:00,25313.5,2026-03-13 11:30:00,25183.75,window,165.5,+0.78R,2590.5
GC,sv2_orb2nd,GC-orb2nd-20260413-0605,Short,1,2026-04-13 10:05:00,4848.8365,2026-04-13 11:30:00,4827.4365,window,13.7,+1.56R,2135.16
GC,sv2_orb2nd,GC-orb2nd-20260415-0655,Short,1,2026-04-15 10:55:00,4940.4365,2026-04-15 11:30:00,4923.2365,window,10.3,+1.67R,1715.16
NQ,sv2_orb2nd,NQ-orb2nd-20260421-0665,Short,1,2026-04-21 11:05:00,27229.75,2026-04-21 11:30:00,27263.25,window,114.75,-0.29R,-674.5
GC,sv2_orb2nd,GC-orb2nd-20260422-0635,Short,1,2026-04-22 10:35:00,4856.3365,2026-04-22 11:30:00,4854.9365,window,15.2,+0.09R,135.16
GC,sv2_orb2nd,GC-orb2nd-20260423-0605,Short,1,2026-04-23 10:05:00,4841.8365,2026-04-23 10:30:00,4854.5365,stop,12.6,-1.01R,-1274.84
NQ,sv2_orb2nd,NQ-orb2nd-20260424-0650,Long,1,2026-04-24 10:50:00,27811.75,2026-04-24 11:30:00,27876.25,window,85.0,+0.76R,1285.5
GC,sv2_orb2nd,GC-orb2nd-20260504-0620,Long,1,2026-05-04 10:20:00,4683.4365,2026-05-04 11:05:00,4667.7365,stop,15.6,-1.01R,-1574.84
NQ,sv2_orb2nd,NQ-orb2nd-20260504-0680,Short,1,2026-05-04 11:20:00,28342.25,2026-05-04 11:30:00,28336.5,window,81.5,+0.07R,110.5
GC,sv2_orb2nd,GC-orb2nd-20260505-0620,Short,1,2026-05-05 10:20:00,4679.7365,2026-05-05 10:30:00,4690.8365,stop,11.0,-1.01R,-1114.84
GC,sv2_orb2nd,GC-orb2nd-20260507-0650,Long,1,2026-05-07 10:50:00,4870.8365,2026-05-07 11:30:00,4854.8365,stop,15.9,-1.01R,-1604.84
GC,sv2_orb2nd,GC-orb2nd-20260508-0625,Short,1,2026-05-08 10:25:00,4836.9365,2026-05-08 11:30:00,4824.5365,window,18.6,+0.67R,1235.16
NQ,sv2_orb2nd,NQ-orb2nd-20260513-0655,Long,1,2026-05-13 10:55:00,29901.5,2026-05-13 11:30:00,29902.75,window,111.0,+0.01R,20.5
NQ,sv2_orb2nd,NQ-orb2nd-20260515-0615,Long,1,2026-05-15 10:15:00,29892.75,2026-05-15 11:30:00,29925.75,window,144.25,+0.23R,655.5
GC,sv2_orb2nd,GC-orb2nd-20260518-0625,Short,1,2026-05-18 10:25:00,4662.5365,2026-05-18 11:30:00,4637.5365,window,15.8,+1.58R,2495.16
NQ,sv2_orb2nd,NQ-orb2nd-20260521-0625,Short,1,2026-05-21 10:25:00,29746.75,2026-05-21 11:25:00,29845.75,stop,98.75,-1.00R,-1984.5
NQ,sv2_orb2nd,NQ-orb2nd-20260528-0615,Long,1,2026-05-28 10:15:00,30770.25,2026-05-28 11:30:00,30872.75,window,173.25,+0.59R,2045.5
NQ,sv2_orb2nd,NQ-orb2nd-20260529-0640,Short,1,2026-05-29 10:40:00,30960.5,2026-05-29 11:30:00,31011.25,window,98.25,-0.52R,-1019.5
NQ,sv2_orb2nd,NQ-orb2nd-20260604-0665,Long,1,2026-06-04 11:05:00,30982.5,2026-06-04 11:30:00,31055.75,window,157.5,+0.47R,1460.5
NQ,sv2_orb2nd,NQ-orb2nd-20260608-0640,Long,1,2026-06-08 10:40:00,30184.25,2026-06-08 11:30:00,30227.75,window,191.0,+0.23R,865.5
NQ,sv2_orb2nd,NQ-orb2nd-20260609-0610,Short,1,2026-06-09 10:10:00,30229.0,2026-06-09 10:45:00,29949.0,target,140.0,+2.00R,5595.5
GC,sv2_orb2nd,GC-orb2nd-20260609-0615,Short,1,2026-06-09 10:15:00,4407.9365,2026-06-09 10:45:00,4387.7365,target,10.1,+2.00R,2015.16
GC,sv2_orb2nd,GC-orb2nd-20260610-0650,Short,1,2026-06-10 10:50:00,4225.3365,2026-06-10 11:30:00,4212.3365,window,38.4,+0.34R,1295.16
GC,sv2_orb2nd,GC-orb2nd-20260611-0610,Short,1,2026-06-11 10:10:00,4144.4365,2026-06-11 10:25:00,4160.6365,stop,16.1,-1.01R,-1624.84
NQ,sv2_orb2nd,NQ-orb2nd-20260616-0620,Short,1,2026-06-16 10:20:00,31052.0,2026-06-16 11:30:00,30827.5,target,112.25,+2.00R,4485.5
NQ,sv2_orb2nd,NQ-orb2nd-20260617-0625,Long,1,2026-06-17 10:25:00,30853.0,2026-06-17 10:40:00,30720.75,stop,132.0,-1.00R,-2649.5
NQ,sv2_orb2nd,NQ-orb2nd-20260622-0635,Short,1,2026-06-22 10:35:00,31004.25,2026-06-22 11:30:00,30909.25,window,172.25,+0.55R,1895.5
NQ,sv2_orb2nd,NQ-orb2nd-20260624-0660,Long,1,2026-06-24 11:00:00,30196.5,2026-06-24 11:30:00,30104.75,window,242.75,-0.38R,-1839.5
NQ,sv2_orb2nd,NQ-orb2nd-20260702-0630,Short,1,2026-07-02 10:30:00,30240.0,2026-07-02 11:30:00,29973.5,window,182.5,+1.46R,5325.5
GC,sv2_orb2nd,GC-orb2nd-20260709-0605,Long,1,2026-07-09 10:05:00,4203.0365,2026-07-09 10:15:00,4191.7365,stop,11.2,-1.01R,-1134.84
NQ,sv2_orb2nd,NQ-orb2nd-20260714-0670,Long,1,2026-07-14 11:10:00,30161.25,2026-07-14 11:30:00,30190.0,window,131.0,+0.22R,570.5
GC,sv2_orb2nd,GC-orb2nd-20260714-0670,Long,1,2026-07-14 11:10:00,4165.6365,2026-07-14 11:30:00,4151.7365,stop,13.8,-1.01R,-1394.84
GC,sv2_orb2nd,GC-orb2nd-20260715-0670,Short,1,2026-07-15 11:10:00,4122.0365,2026-07-15 11:30:00,4116.9365,window,8.4,+0.61R,505.16
GC,sv2_orb2nd,GC-orb2nd-20260720-0670,Long,1,2026-07-20 11:10:00,4084.8365,2026-07-20 11:30:00,4081.8365,window,9.9,-0.30R,-304.84
NQ,sv2_orb2nd,NQ-orb2nd-20260721-0670,Long,1,2026-07-21 11:10:00,29572.75,2026-07-21 11:30:00,29606.25,window,119.25,+0.28R,665.5
GC,sv2_orb2nd,GC-orb2nd-20260728-0675,Long,1,2026-07-28 11:15:00,4094.9365,2026-07-28 11:30:00,4096.4365,window,13.7,+0.11R,145.16
GC,sv2_orb2nd,GC-orb2nd-20260810-0630,Long,1,2026-08-10 10:30:00,4404.3365,2026-08-10 11:30:00,4408.2365,window,9.3,+0.42R,385.16
NQ,sv2_orb2nd,NQ-orb2nd-20260825-0605,Short,1,2026-08-25 10:05:00,29560.0,2026-08-25 11:30:00,29575.5,window,99.25,-0.16R,-314.5
GC,sv2_orb2nd,GC-orb2nd-20260825-0610,Long,1,2026-08-25 10:10:00,4675.9365,2026-08-25 11:30:00,4691.5365,window,15.4,+1.01R,1555.16
GC,sv2_orb2nd,GC-orb2nd-20260826-0655,Short,1,2026-08-26 10:55:00,4659.8365,2026-08-26 11:20:00,4636.6365,target,11.6,+2.00R,2315.16
NQ,sv2_orb2nd,NQ-orb2nd-20260828-0645,Long,1,2026-08-28 10:45:00,30038.25,2026-08-28 11:30:00,30086.5,window,141.0,+0.34R,960.5
NQ,sv2_orb2nd,NQ-orb2nd-20260902-0615,Long,1,2026-09-02 10:15:00,29424.75,2026-09-02 11:30:00,29502.25,window,83.5,+0.93R,1545.5
GC,sv2_orb2nd,GC-orb2nd-20260903-0660,Long,1,2026-09-03 11:00:00,4530.0365,2026-09-03 11:30:00,4551.1365,window,15.2,+1.39R,2105.16
NQ,sv2_orb2nd,NQ-orb2nd-20260904-0645,Short,1,2026-09-04 10:45:00,29834.0,2026-09-04 11:30:00,29808.5,window,93.0,+0.27R,505.5
NQ,sv2_orb2nd,NQ-orb2nd-20260909-0675,Short,1,2026-09-09 11:15:00,29698.0,2026-09-09 11:30:00,29690.75,window,91.25,+0.08R,140.5
GC,sv2_orb2nd,GC-orb2nd-20260911-0625,Short,1,2026-09-11 10:25:00,4419.107,2026-09-11 11:30:00,4410.441,window,20.45,+0.42R,861.76
GC,sv2_orb2nd,GC-orb2nd-20260914-0625,Short,1,2026-09-14 10:25:00,4303.957,2026-09-14 10:50:00,4316.045,stop,11.786,-1.03R,-1213.64
GC,sv2_orb2nd,GC-orb2nd-20260915-0630,Short,1,2026-09-15 10:30:00,4321.285,2026-09-15 11:30:00,4321.485,window,10.98,-0.02R,-24.84
GC,sv2_orb2nd,GC-orb2nd-20260916-0660,Long,1,2026-09-16 11:00:00,4395.128,2026-09-16 11:30:00,4384.048,window,14.001,-0.79R,-1112.84
NQ,sv2_orb2nd,NQ-orb2nd-20260925-0615,Short,1,2026-09-25 10:15:00,30741.0,2026-09-25 11:05:00,30864.5,stop,123.25,-1.00R,-2474.5
GC,sv2_orb2nd,GC-orb2nd-20261001-0640,Long,1,2026-10-01 10:40:00,4203.4,2026-10-01 11:00:00,4189.4,stop,13.9,-1.01R,-1404.84
NQ,sv2_orb2nd,NQ-orb2nd-20261002-0680,Short,1,2026-10-02 11:20:00,31041.75,2026-10-02 11:30:00,31063.5,window,125.75,-0.17R,-439.5
NQ,sv2_orb2nd,NQ-orb2nd-20261008-0620,Long,1,2026-10-08 10:20:00,31280.75,2026-10-08 11:30:00,31239.75,window,79.5,-0.52R,-824.5
GC,sv2_orb2nd,GC-orb2nd-20261008-0670,Short,1,2026-10-08 11:10:00,4142.5,2026-10-08 11:30:00,4140.6,window,9.8,+0.19R,185.16
